00101,00101_M_PT_Gulbenkian_biblioteca_digital
00501,00501_L_GR_UniPatras_kosmopolis_dc
00719,00719_A_DE_Landesarchiv_ese_1_0000001697
00720,00720_A_DE_Landesarchiv_ese_1_0000002606
00721,00721_A_DE_Landesarchiv_ese_1_0000509056
00722,00722_A_DE_Landesarchiv_ese_1_0000007103
00723,00723_A_DE_Landesarchiv_ese_1_0000002951
00725,00725_A_DE_Landesarchiv_ese_2_0000002676
00732,00732_A_DE_Landesarchiv_ese_5_0000013064
00733,00733_A_DE_Landesarchiv_ese_5_0000013069
00734,00734_A_DE_Landesarchiv_ese_5_0000013074
00736,00736_A_DE_Landesarchiv_ese_5_0000013098
00737,00737_A_DE_Landesarchiv_ese_5_0000084159
00738,00738_A_DE_Landesarchiv_ese_5_0000478720
00739,00739_A_DE_Landesarchiv_ese_5_0000478725
00740,00740_A_DE_Landesarchiv_ese_5_0000169068
00742,00742_A_DE_Landesarchiv_ese_6_0000003032
00743,00743_A_DE_Landesarchiv_ese_6_0000002523
00744,00744_A_DE_Landesarchiv_ese_1_0000001695
00746,00746_A_DE_Landesarchiv_ese_6_0000285358
00747,00747_A_DE_Landesarchiv_ese_6_0000450406
00903,00903_AT_OsterreichischeMediathek_GunterSchifter_o
00906,00906_AT_OsterreichischeMediathek_100Jahre_oai_dc
02030,02030_Ag_PT_DGPC_ALL_Masterpieces
02301,02301_Ag_IT_MG_catalogue
02302,02302_Ag_MG_itineraries
03706,03706_M_FR_CiteMusique_NP_dcterms
03707,03707_M_FR_CiteMusique_CO
03708,03708_M_FR_CiteMusique_IM
03709,03709_M_FR_CiteMusique_IN
03710,03710_M_FR_CiteMusique_NP
03808,03808_L_LV_NatLib_SongFestival
03915,03915_Ag_FR_MCC_MEMOIRE_ARCHEO_IMAGE
03915,03915_Ag_FR_MCC_MEMOIRE_MHR_IMAGE
03915,03915_Ag_FR_MCC_MEMOIRE_SAP_IMAGE
03915,03915_Ag_FR_MCC_MEMOIRE_SDAP_IMAGE
03916,03916_Ag_FR_MCC_ARCHIM_IMAGE
03919,03919_Ag_FR_MCC_JOCONDE_IMAGE
03922,03922_Ag_FR_MCC_ARTS_DECORATIFS_IMAGE
04101,04101_M_BE_FlemishArtCollection_ese
04202,04202_L_BE_UniLibGent_googlebooks
04601,04601_L_CY_NatLib_archaeology_local_dc
04602,04602_L_CY_NatLib_citiesAndsites_local_dc
04802,04802_AA_ASSETS_INA
05811,05811_L_RO_CIMEC_ese
05812,05812_L_RO_CIMEC_ese
07101,07101_Ag_SK_EuropeanASNG
07202,07202_M_CH_Lausanne_HistoricalMuseum
07205,07205_M_CH_Lausanne_RomanMuseum
07501,07501_L_IT_Fundazione_Zeri
07602,07602_Ag_IT_Culturalitalia_RegioneMarche
07708,07708_AV_CVCE_ASSETS_article
07709,07709_AV_CVCE_ASSETS_caricature
07712,07712_AV_CVCE_ASSETS_facsimile
07713,07713_AV_CVCE_ASSETS_faits
07714,07714_AV_CVCE_ASSETS_graphique
07715,07715_AV_CVCE_ASSETS_lettre
07716,07716_AV_CVCE_ASSETS_passeport
07717,07717_AV_CVCE_ASSETS_photo
07718,07718_AV_CVCE_ASSETS_presse
07719,07719_AV_CVCE_ASSETS_schema
07720,07720_AV_CVCE_ASSETS_son
07722,07722_AV_CVCE_ASSETS_texte
07723,07723_AV_CVCE_ASSETS_traite
07724,07724_AV_CVCE_ASSETS_video
07926,07926_L_DE_UniLibHeidelberg_handschriften
08001,08001_L_FR_BVH_ese.xml
08501,08501_Ag_EU_ATHENA_FotoMarburg
08502,08502_Ag_EU_ATHENA_TheIsraelMuseum
08504,08504_Ag_EU_ATHENA_Ministry_for_Cultural_Heritage_and_Activities
08506,08506_Ag_EU_ATHENA_Central_Library_of_the_Bulgaria
08508,08508_Ag_EU_ATHENA_Museum_of_History_of_Kazan_University
08509,08509_Ag_EU_ATHENA_Lilian_Voudouri
08511,08511_Ag_EU_ATHENA_InstituteforCulturalMemory(CIME
08512,08512_Ag_EU_ATHENA_Lithuanian_Art_Museum
08515,08515_Ag_EU_ATHENA_ChouvashiaStateArtMuseum
08517,08517_Ag_EU_ATHENA_Petofi_Literary_Museum
08519,08519_Ag_EU_ATHENA_Eleftherios_K._Venizelos
08520,08520_Ag_EU_ATHENA_Ministry_of_Culture_of_the_Repu
08527,08527_Ag_EU_ATHENA_Helina_Rautavaara_Museum
08532,08532_Ag_EU_ATHENA_The_State_Radishshev_Art_Museum
08534,08534_Ag_EU_ATHENA_International_Centre_For_Inform
08535,08535_Ag_EU_ATHENA_Institute_for_Museum_Research
08536,08536_Ag_EU_ATHENA_Bibliotheksservice-Zentrum_Bade
08539,08539_Ag_EU_ATHENA_Slovenian_Museum_of_Natural_His
08542,08542_Ag_EU_ATHENA_Benaki_Museum
08543,08543_Ag_EU_ATHENA_Hellenic_Ministry_of_Culture_&_
08544,08544_Ag_EU_ATHENA_Hellenic_Maritime_Museum
08546,08546_Ag_EU_ATHENA_Alexandos_Soutzos
08547,08547_Ag_EU_ATHENA_Zuse-Institute_Berlin
08550,08550_Ag_EU_ATHENA_National_Museum_of_Contemporary
08551,08551_Ag_EU_ATHENA_Ministry_of_Culture_Slovakia
08556,08556_Ag_EU_ATHENA_Collection_Flemish_Government
08557,08557_Ag_EU_ATHENA_The_National_Museum_of_Slovenia
08559,08559_Ag_EU_ATHENA_The_State_Tretyakov_Gallery
08560,08560_Ag_EU_ATHENA_State_agency_Culture_informatio
08562,08562_Ag_EU_ATHENA_KHI_Florenz
08563,08563_Ag_EU_ATHENA_Centre_of_Technical_Culture_In
08564,08564_Ag_EU_ATHENA_Piraeus_Bank
08566,08566_Ag_EU_ATHENA_Royal_Museum_for_Art_and_Histor
08568,08568_Ag_EU_ATHENA_DNB_DBSM
08572,08572_Ag_EU_ATHENA_Maanteemuuseum
08573,08573_Ag_EU_ATHENA_Piimandusmuuseum
08574,08574_Ag_EU_ATHENA_National_Documentation_Centre
08602,08602_Ag_EU_EFG_InstituoLuce
08603,08603_Ag_EU_EFG_FilmArchiv
08604,08604_Ag_EU_EFG_DIF
08607,08607_Ag_EU_EFG_NatLibNO
08608,08608_Ag_EU_EFG_Bern
08609,08609_Ag_EU_EFG_Filmoteka_Narodowa
08610,08610_Ag_EU_EFG_Cinemateca_Portuguesa
08611,08611_Ag_EU_EFG_Cineteca_del_Comune_di_Bologna
08612,08612_Ag_EU_EFG_Tainiothiki_tis_Ellados
08613,08613_Ag_EU_EFG_KAVA
08615,08615_Ag_EU_EFG_NFA
08616,08616_Ag_EU_EFG_Cinematheque
08617,08617_Ag_EU_EFG_Deutsche_Kinemathek
08618,08618_Ag_EU_EFG_Estonian_Filmarchives
08620,08620_Ag_EU_EFG_Jugoslovenska_Kinoteka
08621,08621_Ag_EU_EFG_Osterreichisches_Filmmuseum
08622,08622_Ag_EU_EFG_Imperial_War_Museums
08625,08625_Ag_EU_EFG_FilmotecaEspanola
08626,08626_Ag_EU_EFG_BArch
08627,08627_Ag_EU_EFG_CNC
08629,08629_Ag_EU_EFG_SSANLS
08631,08631_Ag_EU_EFG_CDF
08632,08632_Ag_EU_EFG_MNC
08633,08633_Ag_EU_EFG_LandesfilmsammlungBW
08701,08701_Ag_EU_BHL
08702,08702_Ag_EU_LandesMuseum
08705,08705_Ag_EU_RBGE
08708,08708_Ag_EU_UBER
08710,08710_Ag_EU_UHVIIKKI
08803,08803_Ag_EU_ETravel_DebMaps
08804,08804_Ag_EU_ETravel_DebBooks
08805,08805_Ag_EU_ETravel_Moravska
08806,08806_Ag_EU_ETravel_NLW
08807,08807_Ag_EU_ETravel_LundUniversity
08808,08808_Ag_EU_ETravel_TCD
08809,08809_Ag_EU_ETravel_UCL
08905,08905_Ag_AT_EuropeanaConnect_UIBK
09002,09002_A_NL_NatArch_FindingsAids
09202,09202_Ag_EU_EUscreen_INA
09203,09203_Ag_EU_EUscreen_RTV_Slovenia
09204,09204_Ag_EU_EUscreen_HeNAA
09205,09205_Ag_EU_EUscreen_Deutsche_Welle
09206,09206_Ag_EU_EUscreen_EUscreen_RTBF
09207,09207_Ag_EU_EUscreen_ORF
09208,09208_Ag_EU_EUscreen_TVC
09209,09209_Ag_EU_EUscreen_Beeld_en_Geluid
09210,09210_Ag_EU_EUscreen_National_Library_of_Sweden
09211,09211_Ag_EU_EUscreen_VRT
09212,09212_Ag_EU_EUscreen_RTE
09214,09214_Ag_EU_EUscreen_Polish_Television
09215,09215_Ag_EU_EUscreen_Romanian_Television
09216,09216_Ag_EU_EUscreen_RAI_Public_Italian_Television
09217,09217_Ag_EU_EUscreen_Memoriav_-_SRF
09218,09218_Ag_EU_EUscreen_National_Audiovisual_Archive
09219,09219_Ag_EU_EUscreen_Memoriav_-_RTS
09220,09220_Ag_EU_EUscreen_British_Broadcasting_Corporat
09221,09221_Ag_EU_EUscreen_Danish_Broadcasting_Corporati
09301,09301_Ag_EU_Judaica_mcy78
09302,09302_Ag_EU_Judaica_fra1
09303,09303_Ag_EU_Judaica_mcy33
09304,09304_Ag_EU_Judaica_mcy
09305,09305_Ag_EU_Judaica_aiu
09306,09306_Ag_EU_Judaica_cfmj1
09307,09307_Ag_EU_Judaica_Jewish_Museum_London
09308,09308_Ag_EU_Judaica_fra2
09309,09309_Ag_EU_Judaica_fra3
09310,09310_Ag_EU_Judaica_fra4
09311,09311_Ag_EU_Judaica_aiu2
09312,09312_Ag_EU_Judaica_akadem1
09313,09313_Ag_EU_Judaica_Jewish_Museum_Amsterdam
09314,09314_Ag_EU_Judaica_Jewish_Museum_Greece
09317,09317_Ag_EU_Judaica_Museo_Sefardi_Toledo
09318,09318_Ag_EU_Judaica_Minister_for_Cultural_Heritage
09321,09321_Ag_EU_Judaica_mcy2
09322,09322_Ag_EU_Judaica_mcy3
09323,09323_Ag_EU_Judaica_aiu4
09324,09324_Ag_EU_Judaica_aiu5
09325,09325_Ag_EU_Judaica_mcy4
09326,09326_Ag_EU_Judaica_cfmj3
09327,09327_Ag_EU_Judaica_akadem2
09329,09329_Ag_EU_Judaica_Hungarian_Jewish_Archives2
09330,09330_Ag_EU_Judaica_Jewish_Museum_London2
09331,09331_Ag_EU_Judaica_National_Library_Israel
09334,09334_Ag_EU_Judaica_mcy5
09335,09335_Ag_EU_Judaica_cfmj4
09336,09336_Ag_EU_Judaica_mcy6
09403,09403_Ag_AT_ELocal
09411,09411_Ag_GR_ELocal
09419,09419_Ag_LT_Elocal
09424,09424_Ag_LV_ELocal
09425,09425_Ag_EE_ELocal
09426,09426_Ag_MT_Elocal
09428,09428_Ag_DE_ELocal.xml
0943101,0943101_Ag_BG_PenchoSlaveykov_ARTICLE
0943102,0943102_Ag_BG_PenchoSlaveykov_ADVERT
0943103,0943103_Ag_BG_PenchoSlaveykov_LIBRODINA_ARTICLE
0943105,0943105_Ag_BG_PenchoSlaveykov_LIBDOBRICH_PHOTO
0943106,0943106_Ag_BG_PenchoSlaveykov_LIBRUSE_PHOTO
0943107,0943107_Ag_BG_PenchoSlaveykov_LIBHASKOVO_PHOTO
0943108,0943108_Ag_BG_PenchoSlaveykov_LIBVAR:ARTICLE_2014
0943109,0943109_Ag_BG_PenchoSlaveykov_LIBVAR:ADVERT_2014
09701,09701_L_IE_IVRLA_Beranger_ese
09702,09702_L_IE_IVRLA_Boehm_ese
09705,09705_L_IE_IVRLA_Folklore_Photos_ese
09707,09707_L_IE_IVRLA_MichaelCollins_ese
09709,09709_L_IE_IVRLA_OCurry_ese
09710,09710_L_IE_IVRLA_Odonovan_Reeves_ese
09711,09711_L_IE_IVRLA_OLochlainn_ese
09714,09714_L_IE_IVRLA_Wadding_ese
09715,09715_L_IE_IVRLA_Frazer_ese
09901,09901_CH_MediathequeValais_k
09902,09902_CH_MediathequeValais_v
09903,09903_CH_MediathequeValais_s
10001,10001_L_CH_dodis
10102,10102_Ag_EU_STERNA_39
10104,10104_Ag_EU_STERNA_44
10501,10501_Ag_PT_RNOD
10601,10601_AV_DW_ASSETS_EA_1
10604,10604_AV_DW_ASSETS_EA_4
10606,10606_AV_DW_ASSETS_EA_6
10607,10607_AV_DW_ASSETS_EV_1
10608,10608_AV_DW_ASSETS_EV_2
10608,10608_AV_DW_
10610,10610_AV_DW_ASSETS_EV_4
10614,10614_AV_DW_ASSETS_EV_8
10615,10615_AV_DW_ASSETS_GA_1
10616,10616_AV_DW_ASSETS_GA_2
10617,10617_AV_DW_ASSETS_GA_3
10620,10620_AV_DW_ASSETS_GA_6
10621,10621_AV_DW_ASSETS_GA_7
10622,10622_AV_DW_ASSETS_GA_8
10623,10623_AV_DW_ASSETS_GV_1
10625,10625_AV_DW_ASSETS_GV_3
10626,10626_AV_DW_ASSETS_GV_4
10701,10701_AV_ANSC_ASSETS_1
10702,10702_AV_ANSC_ASSETS_2
10703,10703_AV_ANSC_ASSETS_3
10901,10901_AV_FLM_ASSETS_1
10903,10903_AV_FLM_ASSETS_3
10904,10904_AV_FLM_ASSETS_tex1
10905,10905_AV_FLM_ASSETS_tex2
10906,10906_AV_FLM_ASSETS_1_part2
10907,10907_AV_FLM_ASSETS_tex1_part2
10908,10908_AV_FLM_ASSETS_tex2_part2
11001,11001_AV_ALBENIZ_ASSETS_CARTAS
11002,11002_AV_ALBENIZ_ASSETS_Fotos
11003,11003_AV_ALBENIZ_ASSETS_VIDEOS_AUDITORIUM
11005,11005_AV_ALBENIZ_ASSETS_VIDEOS_MAGISTER_CHAMBER
11006,11006_AV_ALBENIZ_ASSETS_VIDEOS_MAGISTER_PIANO
11007,11007_AV_ALBENIZ_ASSETS_VIDEOS_MAGISTER_VIOLIN
11601,11601_Ag_EU_OpenUp!_NHMV
11602,11602_Ag_EU_OpenUp!_HERBARWU
11603,11603_Ag_EU_OpenUp!_LANDOOE
11604,11604_Ag_EU_OpenUp!_UH
11610,11610_Ag_EU_OpenUp!_ETI
11612,11612_Ag_EU_OpenUp!_IBSAS
11613,11613_Ag_EU_OpenUp!_NM
11614,11614_Ag_EU_OpenUp!_RBGK
11615,11615_Ag_EU_OpenUp!_UCPH
11616,11616_Ag_EU_OpenUp!_RBGE
11617,11617_Ag_EU_OpenUp!_UTNHM
11618,11618_Ag_EU_OpenUp!_ZFMK
11619,11619_Ag_EU_OpenUp!_NBCNL
11620,11620_Ag_EU_OpenUp!_MNHN
11621,11621_Ag_EU_OpenUp!_NHM
11622,11622_Ag_EU_OpenUp!_MFN_MINERALOGY
11623,11623_Ag_EU_OpenUp!_MRAC
11624,11624_Ag_EU_OpenUp!_GIT
11627,11627_Ag_EU_OpenUp!_ALGATERRA
11628,11628_Ag_EU_OpenUp!_FOTO_AM
11629,11629_Ag_EU_OpenUp!_BGBMII
15403,15403_L_IE_IMC_cbl
15404,15404_L_IE_IMC_itma
15405,15405_L_IE_IMC_doegen
15406,15406_Ag_IR_Irish_Manuscript_balfour
15407,15407_Ag_IR_NationalGallery_ngi
15409,15409_Ag_IR_IMC_ria
15410,15410_Ag_IR_IMC_crawford
15412,15412_Ag_IE_IMC_itma_2
15414,15414_Ag_IE_IMC_niah
15415,15415_L_IE_IMC_cce
15416,15416_L_IE_IMC_oireachtas
15501,15501_Ag_AT_Kulturpool_Imareal
15502,15502_Ag_AT_Kulturpool_Khm
15503,15503_Ag_AT_Kulturpool_khm_fs
15504,15504_Ag_AT_Kulturpool_khm_vf
15507,15507_Ag_AT_Kulturpool_wienbib
15508,15508_Ag_AT_Kulturpool_albertina
15701,15701_Ag_EU_GAMA_argos
15702,15702_Ag_EU_GAMA_emaf
15703,15703_Ag_EU_GAMA_lima
15704,15704_Ag_EU_GAMA_transmediale
15705,15705_Ag_EU_GAMA_wro
15706,15706_Ag_EU_GAMA_hfg
15801,15801_L_FR_BML_AFFL
15802,15802_L_FR_BML_ESTA
15803,15803_L_FR_BML_ENLU
15903,15903_AV_IE_ARD_text28
2020102,2020102_Ag_SI_dLib.si_sigledal_programme_notes
2020104,2020104_Ag_SI_Nat.EContentAggregator_sigledal_arti
2020105,2020105_Ag_SI_Nat.EContentA_sigledal_images
2020108,2020108_Ag_SI_Nat.EContentAggregator_Culture_si
2020109,2020109_Ag_SI_Nat.EContentAggregator_sigic_images
2020111,2020111_Ag_SI_Nat.EContentAggregator_sigledal_sket
2020112,2020112_Ag_SI_Nat.EContentAggregator_modern_galler
2020114,2020114_Ag_SI_Nat.EContentAggregator_Ljubljanski
2020115,2020115_Ag_SI_Nat.EContentAggregator_Slovenski_gos
2020124,2020124_Ag_SI_Nat.EContentAggregator_Stajerc_edm
2020201,2020201_Ag_NL_Brill_anticalvin
2020601,2020601_Ag_ErsterWeltkrieg_EU
2020701,2020701_Ag_EU_CARARE_SNS
2020702,2020702_Ag_EU_CARARE_SNHB
2020703,2020703_Ag_EU_CARARE_Ceti
2020704,2020704_Ag_EU_CARARE_CHA
2020706,2020706_Ag_EU_CARARE_NPU
2020707,2020707_Ag_EU_CARARE_GAI
2020708,2020708_Ag_EU_CARARE_ADS
2020709,2020709_Ag_EU_CARARE_NHBP
2020710,2020710_Ag_EU_CARARE_DANS
2020711,2020711_Ag_EU_CARARE_EHB
2020712,2020712_Ag_EU_CARARE_Slovenia
2020714,2020714_Ag_EU_CARARE_Malta
2020715,2020715_Ag_EU_CARARE_Jaen
2020716,2020716_Ag_EU_CARARE_CIMEC
2020717,2020717_Ag_EU_CARARE_NAIM
2020718,2020718_Ag_EU_CARARE_CHA2
2020720,2020720_Ag_EU_CARARE_Cyprus
2020721,2020721_Ag_EU_CARARE_Brussels
2020722,2020722_Ag_EU_CARARE_DNAM
2020723,2020723_Ag_EU_CARARE_AgencyCulture
2020724,2020724_Ag_EU_CARARE_AgencyCulture2
2020725,2020725_Ag_EU_CARARE_AgencyCulture3
2020726,2020726_Ag_EU_CARARE_Iceland
2020728,2020728_Ag_EU_CARARE_Dutch
2020729,2020729_Ag_EU_CARARE_JAEN2
2020730,2020730_Ag_EU_CARARE_GAI2
2020736,2020736_Ag_EU_CARARE_nhbp_POL_GFT
2020901,2020901_Ag_DK_Danske_Billeder
2020902,2020902_Ag_DK_Elocal
2021001,2021001_Ag_FI_NDL_Raita_collection
2021003,2021003_Ag_FI_NDL_fragmenta
2021004,2021004_Ag_FI_NDL_ephemera_mv
2021005,2021005_Ag_FI_NDL_ephemera_o
2021006,2021006_Ag_FI_NDL_ephemera_tb
2021007,2021007_Ag_FI_NDL_sls
2021008,2021008_Ag_FI_NDL_lusto
2021102,2021102_Ag_CZ_CroatianCulturalHeritage_Fotografij4
2021103,2021103_Ag_CZ_CroatianCulturalHeritage_Razglednic5
2021104,2021104_Ag_CZ_CroatianCulturalHeritage_Sitni_tisa6
2021107,2021107_Ag_CZ_CroatianCulturalHeritage_Knjige10
2021108,2021108_Ag_CZ_CroatianCulturalHeritage_Zvuƒçni11
2021111,2021111_Ag_CZ_CroatianCulturalHeritage_Notni15
2021114,2021114_Ag_CZ_CroatianCulturalHeritage_Portretne25
2021201,2021201_L_TR_NationalLibrary_manuscripts
2021202,2021202_L_TR_StateArchives_fermans
2021203,2021203_L_TR_StateArchives_HistoricalArchivalContent
2021501,2021501_Ag_BG_Ontotext_hdl_pub_1
2021502,2021502_Ag_BG_Ontotext_hdl_pub_3
2021602,2021602_Ag_NL_DigitaleCollectie_DBNL
2021603,2021603_Ag_NL_DigitaleCollectie_Circusmuseum
2021604,2021604_Ag_NL_DigitaleCollectie_LM-uniformen
2021605,2021605_Ag_NL_DigitaleCollectie_LM-voertuigen
2021606,2021606_Ag_NL_DigitaleCollectie_RM-Oudheden
2021608,2021608_Ag_NL_DigitaleCollectie_amsterdam-museum
2021609,2021609_Ag_NL_DigitaleCollectie_museum-rotterdam
2021612,2021612_Ag_NL_DigitaleCollectie_eemland-k-en-o
2021613,2021613_Ag_NL_DigitaleCollectie_GeluidvanNL
2021614,2021614_Ag_NL_DigitaleCollectie_limburgs_erfgoed
2021615,2021615_Ag_NL_DigitaleCollectie_nmm-handvuurwapens
2021618,2021618_Ag_NL_DigitaleCollectie_TeylersKunst
2021619,2021619_Ag_NL_DigitaleCollectie_Martena
2021620,2021620_Ag_NL_DigitaleCollectie_CatherijneConvent
2021623,2021623_Ag_NL_DigitaleCollectie_oudeGronigerKerken
2021626,2021626_Ag_NL_DigitaleCollectie_de_hollandsche_mol
2021627,2021627_Ag_NL_DigitaleCollectie_streekarchief
2021628,2021628_Ag_NL_DigitaleCollectie_gemertbakel
2021629,2021629_Ag_NL_DigitaleCollectie_zutphen
2021630,2021630_Ag_NL_DigitaleCollectie_zeeuwse_bibliothee
2021633,2021633_Ag_NL_DigitaleCollectie_hertogenbosch
2021634,2021634_Ag_NL_DigitaleCollectie_brabantsHIC
2021635,2021635_Ag_NL_DigitaleCollectie_GvZeist
2021636,2021636_Ag_NL_DigitaleCollectie_CODA
2021638,2021638_Ag_NL_DigitaleCollectie_GronigerMus
2021639,2021639_Ag_NL_DigitaleCollectie_Weert
2021641,2021641_Ag_NL_DigitaleCollectie_GooienVecht
2021642,2021642_Ag_NL_DigitaleCollectie_gemeente_schouwen
2021643,2021643_Ag_NL_DigitaleCollectie_archief_tilburg
2021644,2021644_Ag_NL_DigitaleCollectie_centrum_Leeuwarden
2021645,2021645_Ag_NL_DigitaleCollectie_waterlands_archief
2021646,2021646_Ag_NL_DigitaleCollectie_centrum_limburg
2021647,2021647_Ag_NL_DigitaleCollectie_archief_schiedam
2021649,2021649_Ag_NL_DigitaleCollectie_nieuwland_erfgoed
2021650,2021650_Ag_NL_DigitaleCollectie_nimh
2021653,2021653_Ag_NL_DigitaleCollectie_BeeldbankEde
2021654,2021654_Ag_NL_DigitaleCollectie_Drenthe
2021655,2021655_Ag_NL_DigitaleCollectie_archief_ Rosendal
2021656,2021656_Ag_NL_DigitaleCollectie_haags_gemeente
2021657,2021657_Ag_NL_DigitaleCollectie_DIMCONMUSEON
2021658,2021658_Ag_NL_DigitaleCollectie_Moluks
2021660,2021660_Ag_NL_DigitaleCollectie_Tholen
2021661,2021661_Ag_NL_DigitaleCollectie_Wageningen
2021662,2021662_Ag_NL_DigitaleCollectie__rijssen_holten
2021663,2021663_Ag_NL_DigitaleCollectie__rijssen_holten
2021664,2021664_Ag_NL_DigitaleCollectie_academische_collec
2021665,2021665_Ag_NL_DigitaleCollectie_beeldbank_regionaa
2021701,2021701_Ag_CY_hdl_10797_266
2021703,2021703_Ag_CY_hdl_10797_247
2021704,2021704_Ag_CY_hdl_10797_284
2021705,2021705_Ag_CY_Cyprus_Library
2021708,2021708_Ag_CY_hdl_10797_250
2021709,2021709_Ag_CY_hdl_10797_251
2021710,2021710_Ag_CY_hdl_10797_5617
2021712,2021712_Ag_CY_hdl_10797_253
2021713,2021713_Ag_CY_hdl_10797_235
2021714,2021714_Ag_CY_Blue_Books
2021715,2021715_Ag_CY_Cyprus_Today
2021716,2021716_Ag_CY_Gazettes
2021720,2021720_Ag_CY_GSO
2021721,2021721_Ag_CY_Koukkidis
2021723,2021723_Ag_CY_Limania
2021724,2021724_Ag_CY_Satiriki_epitheorisi
2021725,2021725_Ag_CY_Periodiko_Review_ATI
2021726,2021726_Ag_CY_anakoinwthenta_PIO_1
2021727,2021727_Ag_CY_hdl_10797_6324
2021728,2021728_Ag_CY_hdl_10797_289
2021802,2021802_Ag_LT_SNL_Art
2021803,2021803_Ag_LT_SNL_documents_and_manuscripts
2021901,2021901_Ag_HIC_1914-1918
2022001,2022001_Ag_EU_HOPE_AMSAB60-56
2022002,2022002_Ag_EU_HOPE_AMSAB61-92
2022003,2022003_Ag_EU_HOPE_CGIL-exebodi
2022004,2022004_Ag_EU_HOPE_GNQPostersFTP
2022010,2022010_Ag_EU_HOPE_SSA
2022011,2022011_Ag_EU_HOPE_SSAF5017
2022013,2022013_Ag_EU_HOPE_F5014SAFFA
2022014,2022014_Ag_EU_HOPE_FMSArtur
2022015,2022015_Ag_EU_HOPE_FMSDaniel
2022019,2022019_Ag_EU_HOPE_SSAF1013
2022020,2022020_Ag_EU_HOPE_bdicP
2022021,2022021_Ag_EU_HOPE_bdicJ
2022022,2022022_Ag_EU_HOPE_FESLeaflets
2022023,2022023_Ag_EU_HOPE_FESStickers
2022024,2022024_Ag_EU_HOPE_FESPostkarten
2022025,2022025_Ag_EU_HOPE_FESBanners
2022026,2022026_Ag_EU_HOPE_FESPosters
2022027,2022027_Ag_EU_HOPE_FMSFernandoRosa
2022028,2022028_Ag_EU_HOPE_FMSFrancisco
2022030,2022030_Ag_EU_HOPE_FMSMariaLuis
2022031,2022031_Ag_EU_HOPE_FMSMarioPintoAndrade
2022032,2022032_Ag_EU_HOPE_FMSMarioCardia
2022033,2022033_Ag_EU_HOPE_FMSRevistas
2022034,2022034_Ag_EU_HOPE_FMSTeatro
2022035,2022035_Ag_EU_HOPE_FMSTeofilo
2022037,2022037_Ag_EU_HOPE_FESPhotographs
2022038,2022038_Ag_EU_HOPE_FESLibrary
2022039,2022039_Ag_EU_HOPE_FESLibrarySPDP
2022040,2022040_Ag_EU_HOPE_SSAF5016
2022041,2022041_Ag_EU_HOPE_SSAF7000
2022042,2022042_Ag_EU_HOPE_TA1
2022043,2022043_Ag_EU_HOPE_OSAInfoItems
2022044,2022044_Ag_EU_HOPE_OSASlot02
2022045,2022045_Ag_EU_HOPE_FMSSlot02
2022046,2022046_Ag_EU_HOPE_FMSBernardino
2022047,2022047_Ag_EU_HOPE_SSAF5031
2022048,2022048_Ag_EU_HOPE_SSAF7001
2022049,2022049_Ag_EU_HOPE_SSAF5025
2022050,2022050_Ag_EU_HOPE_CGIL-Circolari
2022051,2022051_Ag_EU_HOPE_SSASlot03
2022052,2022052_Ag_EU_HOPE_OSASlot03
2022053,2022053_Ag_EU_HOPE_BDICSlot03
2022054,2022054_Ag_EU_HOPE_FESLibraryDomj
2022055,2022055_Ag_EU_HOPE_GNQSlot04
2022056,2022056_Ag_EU_HOPE_SSASlot04
2022057,2022057_Ag_EU_HOPE_SSAF5032
2022058,2022058_Ag_EU_HOPE_MSHSlot04
2022059,2022059_Ag_EU_HOPE_BDICSlot04
2022060,2022060_Ag_EU_HOPE_FMSSoares
2022062,2022062_Ag_EU_HOPE_OSABackgroundReports
2022065,2022065_Ag_EU_HOPE_FESLibrarySlot05
2022067,2022067_Ag_EU_HOPE_AMSABVisual
2022068,2022068_Ag_EU_HOPE_AMSABIndymedia
2022069,2022069_Ag_EU_HOPE_CGILPhotographs
2022070,2022070_Ag_EU_HOPE_SSASlot05
2022071,2022071_Ag_EU_HOPE_VGACards
2022072,2022072_Ag_EU_HOPE_AMSABArchive
2022073,2022073_Ag_EU_HOPE_CGILLibraryOpuscoli
2022074,2022074_Ag_EU_HOPE_SSAF5067
2022075,2022075_Ag_EU_HOPE_FMSSlot05
2022076,2022076_Ag_EU_HOPE_FESTrade
2022077,2022077_Ag_EU_HOPE_FESLibraryBreslau
2022078,2022078_Ag_EU_HOPE_FESNeueZeit
2022079,2022079_Ag_EU_HOPE_FESDigBib
2022080,2022080_Ag_EU_HOPE_OSASlot05
2022082,2022082_Ag_EU_HOPE_OSAHedervary
2022083,2022083_Ag_EU_HOPE_OSASovietTV
2022084,2022084_Ag_EU_HOPE_OSAPolishUndergroundPub
2022086,2022086_Ag_EU_HOPE_IISHInternational
2022101,2022101_Ag_EU_ECLAP_UCLM
2022102,2022102_Ag_EU_ECLAP_BEELDENGELUID
2022103,2022103_Ag_EU_ECLAP_ARCHIBRAILLE
2022105,2022105_Ag_EU_ECLAP_CTRF
2022106,2022106_Ag_EU_ECLAP_ESMAE-IPP
2022107,2022107_Ag_EU_ECLAP_FFEAC
2022108,2022108_Ag_EU_ECLAP_IKP
2022109,2022109_Ag_EU_ECLAP_ITB
2022110,2022110_Ag_EU_ECLAP_MUZEUM
2022111,2022111_Ag_EU_ECLAP_OSZMI
2022112,2022112_Ag_EU_ECLAP_UCAM
2022113,2022113_Ag_EU_ECLAP_UG
2022114,2022114_Ag_EU_ECLAP_CTA-UNIROMA
2022116,2022116_Ag_EU_ECLAP_FIFF
2022117,2022117_Ag_EU_ECLAP_LIBERLIBER
2022118,2022118_Ag_EU_ECLAP_UVA
2022119,2022119_Ag_EU_ECLAP_DSI
2022202,2022202_M_UK_3D-COFORM2
2022301,2022301_Ag_UK_ELocal_Hunterian_Museum
2022302,2022302_Ag_UK_ELocal_Sheffield_Images
2022304,2022304_Ag_UK_ELocal
2022305,2022305_Ag_UK_ELocal_LDGEF
2022306,2022306_Ag_UK_ELocal_LEICS-REVEALED
2022307,2022307_Ag_UK_CultureGrid_TWAM-CS
2022309,2022309_Ag_UK_ELocal_TWAM-JL
2022310,2022310_Ag_UK_ELocal_TWAM-DB
2022311,2022311_Ag_UK_ELocal_TWAM-AOL
2022312,2022312_Ag_UK_ELocal_TWAM-GF
2022313,2022313_Ag_UK_ELocal_BowesMuseum
2022314,2022314_Ag_UK_ELocal_BeamishTreasures
2022316,2022316_Ag_UK_CultureGrid_DurhamCountyCouncil
2022318,2022318_Ag_UK_ELocal_TyneWearImagine
2022320,2022320_Ag_UK_ELocal_KirkleesImageArchive
2022321,2022321_Ag_UK_ELocal_LambethLandmark
2022322,2022322_Ag_UK_ELocal_Leodis
2022324,2022324_Ag_UK_CultureGrid_PortableAntiquities
2022325,2022325_Ag_UK_ELocal_BlackCountryHistory
2022326,2022326_Ag_UK_ELocal_Government_Art_Collection
2022327,2022327_Ag_UK_ELocal_Dorset_Coast
2022328,2022328_Ag_UK_ELocal_Northampton_Museums
2022329,2022329_Ag_UK_CultureGrid_LincolnshireMuseum
2022330,2022330_Ag_UK_CultureGrid_LincolnshireArchives
2022331,2022331_Ag_UK_CultureGrid_LincolnshireHistoric
2022332,2022332_Ag_UK_CultureGrid_LincolnshireHeritage
2022333,2022333_Ag_UK_CultureGrid_ResearchLibraries
2022334,2022334_Ag_UK_CultureGrid_ToysGames
2022337,2022337_Ag_UK_CultureGrid_Symington
2022338,2022338_Ag_UK_CultureGrid_FoxHunting
2022343,2022343_Ag_UK_CultureGrid_ScienceMuseum
2022344,2022344_Ag_UK_CultureGrid_MediaMuseum
2022347,2022347_Ag_UK_CultureGrid_MuseumEgyptianArchaeolog
2022349,2022349_Ag_UK_CultureGrid_GrantMuseumZoology
2022350,2022350_Ag_UK_CultureGrid_UCLEthnographicCollectio
2022352,2022352_Ag_UK_CultureGrid_Antiquities
2022353,2022353_Ag_UK_CultureGrid_RAMMethnography
2022354,2022354_Ag_UK_CultureGrid_RAMMnaturalhistory
2022356,2022356_Ag_UK_CultureGrid_RAMMdecorativeArt
2022360,2022360_Ag_UK_CultureGrid_IWM-FWW
2022361,2022361_Ag_UK_CultureGrid_MAN-REG
2022362,2022362_Ag_UK_CultureGrid_Royal_Museums_Greenwich
2022364,2022364_Ag_UK_CultureGrid_Bury_Museum_and_Archives
2022365,2022365_Ag_UK_CultureGrid_Bristol_Museums
2022366,2022366_Ag_UK_CultureGrid_Frodsham
2022367,2022367_Ag_UK_CultureGrid_Halton
2022368,2022368_Ag_UK_CultureGrid_New_Mills
2022369,2022369_Ag_UK_CultureGrid_Cheshire
2022370,2022370_Ag_UK_CultureGrid_North_Lincs
2022372,2022372_Ag_UK_CultureGrid_London_Transport_Museum
2022374,2022374_Ag_UK_CultureGrid_ManchMus
2022401,2022401_Ag_RO_Elocal_scriitori_banateni
2022402,2022402_Ag_RO_Elocal_arhivele
2022403,2022403_Ag_RO_Elocal_NEAMT
2022405,2022405_Ag_RO_Elocal_documen2
2022406,2022406_Ag_RO_Elocal_corespon
2022408,2022408_Ag_RO_Elocal_personal
2022409,2022409_Ag_RO_Elocal_imaginid
2022410,2022410_Ag_RO_Elocal_documen1
2022411,2022411_Ag_RO_Elocal_audioinb
2022412,2022412_Ag_RO_Elocal_deva
2022413,2022413_Ag_RO_Elocal_brila
2022414,2022414_Ag_RO_Elocal_ancheta
2022415,2022415_Ag_RO_Elocal_fotograf
2022417,2022417_Ag_RO_Elocal_manuscri
2022418,2022418_Ag_RO_Elocal_stampe
2022419,2022419_Ag_RO_Elocal_cjcpctcc
2022425,2022425_Ag_RO_Elocal_ziare_din_banat
2022601,2022601_Ag_NO_ELocal_Foto-MR
2022602,2022602_Ag_NO_ELocal_Foto-SF
2022604,2022604_Ag_NO_ELocal_MediaVideo
2022606,2022606_Ag_NO_ELocal_Stadnamn-MR
2022607,2022607_Ag_NO_ELocal_Stadnamn-SF
2022610,2022610_Ag_NO_ELocal_sffKL
2022611,2022611_Ag_NO_ELocal_difo
2022612,2022612_Ag_NO_ELocal_kildenett
2022613,2022613_Ag_NO_ELocal_MUSIT
2022619,2022619_Ag_NO_ELocal_eanordtromsmuseum
2022620,2022620_Ag_NO_ELocal_GoogleFieldTrip
2022622,2022622_Ag_NO_ELocal_Kystreise
2022701b,2022701b_Ag_ES_Hispana_esegen1
2022701c,2022701c_Ag_ES_Hispana_esegen2
2022701d,2022701d_Ag_ES_Hispana_esegen
2022702b,2022702b_Ag_ES_Hispana_esebvph1
2022702c,2022702c_Ag_ES_Hispana_esebvph2
2022702d,2022702d_Ag_ES_Hispana_esebvph3
2022801,2022801_AG_PT_Elocal_arquivocmlx
2022803,2022803_AG_PT_Elocal_bda
2022806,2022806_AG_PT_Elocal_cfp
2022807,2022807_AG_PT_Elocal_famalicaoImovel
2022808,2022808_AG_PT_Elocal_famalicaoObjecto
2022810,2022810_AG_PT_Elocal_fmnf
2022811,2022811_AG_PT_Elocal_fpc
2022812,2022812_AG_PT_Elocal_fr
2022814,2022814_AG_PT_Elocal_museuFisica
2022901,2022901__Ag_SV_Elocal_Ljustorp_photo
2022902,2022902__Ag_SV_Elocal_Rara_books
2023002,2023002_Ag_BE_Elocal_CAG
2023004,2023004_Ag_BE_Elocal_KULeuven
2023005,2023005_Ag_BE_Elocal_Minderbroeders
2023006,2023006_Ag_BE_Elocal_MLeuven
2023007,2023007_Ag_BE_Elocal_PGRM
2023009,2023009_Ag_BE_Elocal_Sportimonium
2023010,2023010_Ag_BE_Elocal_Stadsmus
2023011,2023011_Ag_BE_Elocal_Maseeik
2023012,2023012_Ag_BE_Elocal_Jenever
2023013,2023013_Ag_BE_Elocal_FeliXart
2023014,2023014_Ag_BE_Elocal_Wilchar
2023015,2023015_Ag_BE_Elocal_MOT
2023016,2023016_Ag_BE_Elocal_MuseumAarschot
2023018,2023018_Ag_BE_Elocal_Annuntiaten
2023019,2023019_Ag_BE_Elocal_Heidebloemke
2023020,2023020_Ag_BE_Elocal_Tysmans
2023103,2023103_Ag_CZ_ELocal_SVKOS
2023104,2023104_Ag_CZ_Elocal_VCM
2023201,2023201_Ag_SK_Elocal_SMOPAJ
2023301,2023301_Ag_SL_Semantika_Spletna
2023401,2023401_Ag_FR_ELocal
2023402,2023402_Ag_FR_ELocal
2023504,2023504_Ag_FR_ELocal_CNTGFNGM
2023505,2023505_Ag_FR_ELocal_CNTGFNLD
2023507,2023507_Ag_FR_ELocal_CTHMMUPO
2023509,2023509_Ag_FR_ELocal_CTHMPO01
2023510,2023510_Ag_FR_ELocal_CTHMPOMO
2023601,2023601_Ag_DE_DISMARC
2023701,2023701_Ag_EU_EuroPhoto_ANSA
2023702,2023702_Ag_EU_EuroPhoto_ANP
2023704,2023704_Ag_EU_EuroPhoto_EPA
2023705,2023705_Ag_EU_EuroPhoto_EFE
2023706,2023706_Ag_EU_EuroPhoto_LUSA
2023708,2023708_Ag_EU_EuroPhoto_DPA
2023709,2023709_Ag_EU_EuroPhoto_PAP
2023710,2023710_Ag_EU_EuroPhoto_MTI
2023803,2023803_AG_EU_LinkedHeritage_PROBADO3D
2023804,2023804_AG-EU_LinkedHeritage_Karelia
2023806,2023806_AG-EU_LinkedHeritage_Arkhangelsk
2023807,2023807_AG-EU_LinkedHeritage_VlaamseGemeenschap
2023808,2023808_AG-EU_LinkedHeritage_LietuvosDailes
2023809,2023809_AG-EU_LinkedHeritage_ByzantineMuseum
2023810,2023810_AG-EU_LinkedHeritage_InternetCulturale
2023813,2023813_AG-EU_LinkedHeritage_Padova
2023814,2023814_AG-EU_LinkedHeritage_Prentenkabinet
2023815,2023815_AG-EU_LinkedHeritage_Pictures-Bank.eu
2023816,2023816_AG-EU_LinkedHeritage_AcademyofSciences
2023817,2023817_AG-EU_LinkedHeritage_ArtsandTheatre
2023820,2023820_AG-EU_LinkedHeritage_MuseesRoyaux
2023821,2023821_AG-EU_LinkedHeritage_Patras
2023822,2023822_AG-EU_LinkedHeritage_askaboutireland.ie
2023823,2023823_AG-EU_LinkedHeritage_SistemiComplessi
2023826,2023826_AG-EU_LinkedHeritage_Museum-Digital
2023827,2023827_AG-EU_LinkedHeritage_CultureMinistry
2023828,2023828_AG-EU_LinkedHeritage_IFMforSPK
2023829,2023829_AG-EU_LinkedHeritage_Herbarium
2023830,2023830_AG-EU_LinkedHeritage_Origins
2023831,2023831_AG-EU_LinkedHeritage_Rybinsk
2023833,2023833_AG-EU_LinkedHeritage_EDR
2023835,2023835_AG-EU_LinkedHeritage_CYPRUS
2023836,2023836_AG-EU_LinkedHeritage_EstonianBroadcasting
2023838,2023838_AG-EU_LinkedHeritage_PedagogicalUni
2023839,2023839_AG-EU_LinkedHeritage_KyivUni
2023840,2023840_AG-EU_LinkedHeritage_HistoryofMedicine
2023842,2023842_AG-EU_LinkedHeritage_DigiLabBurcado
2023843,2023843_AG-EU_LinkedHeritage_GiovanniMacchia
2023844,2023844_AG-EU_LinkedHeritage_SapienzaLibrary
2023845,2023845_AG-EU_LinkedHeritage_DarioFoandFrancaRame
2023847,2023847_AG-EU_LinkedHeritage_d:kult
2023858,2023858_AG-EU_LinkedHeritage_ArchivoFoRame
2023860,2023860_AG-EU_LinkedHeritage_VesteCoburg
2023862,2023862_AG-EU_LinkedHeritage_KarazinKharkiv
2023863,2023863_AG-EU_LinkedHeritage_NSL2
2023864,2023864_AG-EU_LinkedHeritage_Russian_Nat_Library
2023866,2023866_AG-EU_LinkedHeritage_TallinCityMuseum
2023867,2023867_AG-EU_LinkedHeritage_KreuzwaldiMuseum
2023869,2023869_AG-EU_LinkedHeritage_ArtMuseumEstonia
2023870,2023870_AG-EU_LinkedHeritage_EstonianAgriculture
2023871,2023871_AG-EU_LinkedHeritage_EstonianOpenAir
2023872,2023872_AG-EU_LinkedHeritage_EstonianSportMuseum
2023874,2023874_AG-EU_LinkedHeritage_Latvia
2023877,2023877_AG-EU_LinkedHeritage_G.Denisenko
2023878,2023878_AG-EU_LinkedHeritage_RybinskWW1
2023901,2023901_Ag_EU_NaturalEurope_all
2024006,2024006_Ag_CZ_Esbirky_SZM
2024007,2024007_Ag_CZ_Esbirky_RMAGVJ
2024008,2024008_Ag_CZ_Esbirky_RMVC
2024010,2024010_Ag_CZ_Esbirky_PM
2024012,2024012_Ag_CZ_Esbirky_NM-VM
2024902,2024902_Ag_EU_EuropeanaPhotography_Poland_1008
2024904,2024904_Ag_EU_EuropeanaPhotography_TopFoto_1013
2024905,2024905_Ag_EU_EuropeanaPhotography_Nalis_1015
2024906,2024906_Ag_EU_EuropeanaPhotography_Lithuania_1024
2024908,2024908_Ag_EU_EuropeanaPhotography_ICCU_1022
2024909,2024909_Ag_EU_EuropeanaPhotography_UA_1005
2024910,2024910_Ag_EU_EuropeanaPhotography_Polfoto_1014
2024912,2024912_Ag_EU_EuropeanaPhotography_Poland_1012
2024913,2024913_Ag_EU_EuropeanaPhotography_Parisienne_1007
2024915,2024915_Ag_EU_EuropeanaPhotography_FraAlinari_1016
2024918,2024918_Ag_EU_EuropeanaPhotography_Israel_1070
2025901,2025901_Ag_DE_1989
2025902,2025902_Ag_EU_1989_Poland
2025903,2025903_Ag_EU_1989_Lithuania
2025904,2025904_Ag_EU_1989_Latvia
2025905,2025905_Ag_EU_1989_Estonia
2026001,2026001_Ag_EU_DCA_1006_Serralves_Foundation
2026002,2026002_Ag_EU_DCA_1008_Frissiras_Museum
2026003,2026003_Ag_EU_DCA_1009_Alexandros_Soutzos_Museum
2026005,2026005_Ag_EU_DCA_1013_Macedonian_MCA
2026006,2026006_Ag_EU_DCA_1016_MuZEE
2026007,2026007_Ag_EU_DCA_1017_Museums_Fine_Arts_Belgium
2026011,2026011_Ag_EU_DCA_Kultura.hr
2026012,2026012_Ag_EU_DCA_Kulturpool_ars
2026014,2026014_Ag_EU_DCA_LT_Photographs
2026015,2026015_Ag_EU_DCA_LT_Posters
2026016,2026016_Ag_EU_DCA_LT_Slides
2026017,2026017_Ag_EU_DCA_LT_Texts
2026018,2026018_Ag_EU_DCA_LT_Video
2026102,2026102_Ag_EU_PartagePlus_1009
2026103,2026103_Ag_EU_PartagePlus_1010
2026105,2026105_Ag_EU_PartagePlus_1013
2026106,2026106_Ag_EU_PartagePlus_1014
2026108,2026108_Ag_EU_PartagePlus_1021
2026109,2026109_Ag_EU_PartagePlus_1022
2026110,2026110_Ag_EU_PartagePlus_1023
2026111,2026111_Ag_EU_PartagePlus_1024
2026112,2026112_Ag_EU_PartagePlus_1027
2026114,2026114_Ag_EU_PartagePlus_1031
2026115,2026115_Ag_EU_PartagePlus_1032
2026116,2026116_Ag_EU_PartagePlus_1034
2026117,2026117_Ag_EU_PartagePlus_1017
2026118,2026118_Ag_EU_PartagePlus_croatia
2026119,2026119_Ag_EU_PartagePlus_1033
2026120,2026120_Ag_EU_PartagePlus_1026
2026121,2026121_Ag_EU_PartagePlus_1008
2026122,2026122_Ag_EU_PartagePlus_1018
2026124,2026124_Ag_EU_PartagePlus_1035
2026125,2026125_Ag_EU_PartagePlus_1037
2026126,2026126_Ag_EU_PartagePlus_1039
2026127,2026127_Ag_EU_PartagePlus_1040
2026128,2026128_Ag_EU_PartagePlus_1041
2031901,2031901_Ag_EU_EC_Video_Photo_Collection
2032001,2032001_Ag_EU_EInside_MurbergetLansmuseetVastern
2032002,2032002_Ag_EU_EInside_Stockholmslansmuseum
2032003,2032003_Ag_EU_EInside_NatGalleryAlexandrosSoutzos
2032004,2032004_Ag_EU_EInside_SzepmuveszetiMuzeum-FAB
2032005,2032005_Ag_EU_EInside_Municipio_do_Seixal_SEI
2032006,2032006_Ag_EU_EInside_RoyalMuseumsArtHistory_KMKG
2032007,2032007_Ag_EU_EInside_SLV-Handelsregistret
2032008,2032008_Ag_EU_EInside_Benaki_Museum-BEN
2032010,2032010_Ag_EU_EInside_DrKovacPalCountyLibrary_KKMK
2032011,2032011_Ag_EU_EInside_Petofi_Irodalmi_Muzeum_PIM
2032012,2032012_Ag_EU_EInside_Solleftea_museum_SLV
2032013,2032013_Ag_EU_EInside_SPK
2032015,2032015_Ag_EU_EInside_RBINS
2032016,2032016_Ag_EU_EInside_Galerija_Bozidar_Jakac_GBJ
2032018,2032018_Ag_EU_EInside_DSOM
2048001,2048001_Ag_EU_AthenaPlus_MRAH-KMKG
2048002,2048002_Ag_EU_AthenaPlus_LietuvosArt
2048003,2048003_Ag_EU_AthenaPlus_CyprusInstitute
2048004,2048004_Ag_EU_AthenaPlus_SiauliuMuziejus
2048007,2048007_Ag_EU_AthenaPlus_HallwylskaMuseum
2048008,2048008_Ag_EU_AthenaPlus_AjuntamentGirona
2048009,2048009_Ag_EU_AthenaPlus_FineArtsMuseum
2048011,2048011_Ag_EU_AthenaPlus_ICCu_CulturItalia
2048012,2048012_Ag_EU_AthenaPlus_OKV
2048013,2048013_Ag_EU_AthenaPlus_MSH
2048014,2048014_Ag_EU_AthenaPlus_CzechNationalMuseum
2048015,2048015_Ag_EU_AthenaPlus_BibilotecaAcademi
2048016,2048016_Ag_EU_AthenaPlus_CLBAS
2048017,2048017_Ag_EU_AthenaPlus_ICIMSS
2048022,2048022_Ag_EU_AthenaPlus_LuigiSturzo
2048023,2048023_Ag_EU_AthenaPlus_AviationUniversity
2048025,2048025_Ag_EU_AthenaPlus_PintailLGMA
2048026,2048026_Ag_EU_AthenaPlus_IPCHS
2048028,2048028_Ag_EU_AthenaPlus_IPCHS_II
2048029,2048029_Ag_EU_AthenaPlus_IPCHS_III
2048030,2048030_Ag_EU_AthenaPlus_IPCHS_VI
2048032,2048032_Ag_EU_AthenaPlus_IPCHS_VI
2048033,2048033_Ag_EU_AthenaPlus_IPCHS_V
2048034,2048034_Ag_EU_AthenaPlus_esbirkyMAGM
2048035,2048035_Ag_EU_AthenaPlus_esbirkyRGMT
2048036,2048036_Ag_EU_AthenaPlus_esbirkyMMZB
2048037,2048037_Ag_EU_AthenaPlus_esbirkySML
2048039,2048039_Ag_EU_AthenaPlus_esbirkySZM
2048040,2048040_Ag_EU_AthenaPlus_esbirkyNM-NM
2048042,2048042_Ag_EU_AthenaPlus_IMM
2048043,2048043_Ag_EU_AthenaPlus_Osnabruck
2048044,2048044_Ag_EU_AthenaPlus_EstonianCulture
2048045,2048045_Ag_EU_AthenaPlus_Steinheim
2048046,2048046_Ag_EU_AthenaPlus_Gencat
2048049,2048049_Ag_EU_AthenaPlus_EPBC
2048050,2048050_Ag_EU_AthenaPlus_HMCT
2048051,2048051_Ag_EU_AthenaPlus_SNHM
2048052,2048052_Ag_EU_AthenaPlus_Patras
2048053,2048053_Ag_EU_AthenaPlus_MUO-Arch
2048055,2048055_Ag_EU_AthenaPlus_MUO-Clock
2048056,2048056_Ag_EU_AthenaPlus_MUO-DEVOTIONALIA
2048057,2048057_Ag_EU_AthenaPlus_MUO-FURNITURE
2048058,2048058_Ag_EU_AthenaPlus_MUO-Glass
2048060,2048060_Ag_EU_AthenaPlus_MUO-IVORY
2048061,2048061_Ag_EU_AthenaPlus_MUO-METALWORK
2048062,2048062_Ag_EU_AthenaPlus_MUO-Instruments
2048063,2048063_Ag_EU_AthenaPlus_MUO-OldPhotography
2048067,2048067_Ag_EU_AthenaPlus_MUO-Binding
2048068,2048068_Ag_EU_AthenaPlus_MUO-Prints
2048069,2048069_Ag_EU_AthenaPlus_MUO-ProductDesign
2048071,2048071_Ag_EU_AthenaPlus_MUO-Sculpture
2048073,2048073_Ag_EU_AthenaPlus_MUO-TextilesAccessories
2048074,2048074_Ag_EU_AthenaPlus_MUO-Varia
2048075,2048075_Ag_EU_AthenaPlus_esbirkyNM-CMH
2048076,2048076_Ag_EU_AthenaPlus_JewishArchive
2048077,2048077_Ag_EU_AthenaPlus_FotoMarburg
2048078,2048078_Ag_EU_AthenaPlus_CISC
2048079,2048079_Ag_EU_AthenaPlus_SwedishArchives
2048081,2048081_Ag_EU_AthenaPlus_esbirkyNM-KNM
2048082,2048082_Ag_EU_AthenaPlus_esbirkyNM-VM
2048083,2048083_Ag_EU_AthenaPlus_esbirkyPM
2048084,2048084_Ag_EU_AthenaPlus_esbirkyRMAGVJ
2048085,2048085_Ag_EU_AthenaPlus_esbirkyRMVC
2048086,2048086_Ag_EU_AthenaPlus_esbirkyPNP
2048087,2048087_Ag_EU_AthenaPlus_CollectionsTrust
2048088,2048088_Ag_EU_AthenaPlus_InternetCulturale
2048089,2048089_Ag_EU_AthenaPlus_MAK
2048090,2048090_Ag_EU_AthenaPlus_MAKBinder
2048101,2048101_Ag_HU_MaNDA_3d
2048102,2048102_Ag_HU_MaNDA_text
2048104,2048104_Ag_HU_MaNDA_text2
2048105,2048105_Ag_HU_MaNDA_text3
2048106,2048106_Ag_HU_MaNDA_image2
2048107,2048107_Ag_HU_MaNDA_image3
2048108,2048108_Ag_HU_MaNDA_text4
2048111,2048111_Ag_HU_MaNDA_image5
2048112,2048112_Ag_HU_MaNDA_text6
2048113,2048113_Ag_HU_MaNDA_image6
2048114,2048114_Ag_HU_MaNDA_3D2
2048115,2048115_Ag_HU_MaNDA_audio
2048117,2048117_Ag_HU_MaNDA_image7
2048118,2048118_Ag_HU_MaNDA_image8
2048120,2048120_Ag_HU_MaNDA_image9
2048121,2048121_Ag_HU_MaNDA_image10
2048122,2048122_Ag_HU_MaNDA_text8
2048201,2048201_Ag_EU_EuropeanaFashion_1002
2048202,2048202_Ag_EU_EuropeanaFashion_1004
2048203,2048203_Ag_EU_EuropeanaFashion_1008
2048204,2048204_Ag_EU_EuropeanaFashion_1009
2048205,2048205_Ag_EU_EuropeanaFashion_1012
2048206,2048206_Ag_EU_EuropeanaFashion_1013
2048207,2048207_Ag_EU_EuropeanaFashion_1014
2048208,2048208_Ag_EU_EuropeanaFashion_1015
2048209,2048209_Ag_EU_EuropeanaFashion_1016
2048210,2048210_Ag_EU_EuropeanaFashion_1018
2048211,2048211_Ag_EU_EuropeanaFashion_1019
2048212,2048212_Ag_EU_EuropeanaFashion_1020
2048213,2048213_Ag_EU_EuropeanaFashion_1023
2048214,2048214_Ag_EU_EuropeanaFashion_1031
2048215,2048215_Ag_EU_EuropeanaFashion_1033
2048217,2048217_Ag_EU_EuropeanaFashion_1030
2048218,2048218_Ag_EU_EuropeanaFashion_1029
2048220,2048220_Ag_EU_EuropeanaFashion_1039
2048221,2048221_Ag_EU_EuropeanaFashion_1040
2048222,2048222_Ag_EU_EuropeanaFashion_1045
2048223,2048223_Ag_EU_EuropeanaFashion_1046
2048225,2048225_Ag_EU_EuropeanaFashion_1048
2048227,2048227_Ag_EU_EuropeanaFashion_1050
2048302,2048302_Ag_EU_ApeX_CZKAVB1093
2048303,2048303_Ag_EU_ApeX_DE1958
2048304,2048304_Ag_EU_ApeX_EERA
2048306,2048306_Ag_EU_ApeX_NLLdnRAL
2048308,2048308_Ag_EU_ApeX_SK1990
2048309,2048309_Ag_EU_ApeX_ATStPoelten
2048310,2048310_Ag_EU_ApeX_ATStPoelten
2048311,2048311_Ag_EU_ApeX_ATMelk
2048312,2048312_Ag_EU_ApeX_ATSchlierbach
2048313,2048313_Ag_EU_ApeX_ATZisStams
2048314,2048314_Ag_EU_ApeX_ATSLA
2048315,2048315_Ag_EU_ApeX_ATKLA
2048316,2048316_Ag_EU_ApeX_EETLA
2048319,2048319_Ag_EU_ApeX_NLHaNA
2048320,2048320_Ag_EU_ApeX_NLStreekarchief
2048323,2048323_Ag_EU_ApeX_SEGLA
2048324,2048324_Ag_EU_ApeX_SEHarnostad
2048325,2048325_Ag_EU_ApeX_SEMilitary
2048327,2048327_Ag_EU_ApeX_SEMalmo
2048328,2048328_Ag_EU_ApeX_SEOestersund
2048329,2048329_Ag_EU_ApeX_SEStockCity
2048330,2048330_Ag_EU_ApeX_SEUppsala
2048331,2048331_Ag_EU_ApeX_SEVarmland
2048333,2048333_Ag_EU_ApeX_SEVisby
2048340,2048340_Ag_EU_ApeX_ESD706
2048344,2048344_Ag_EU_ApeX_ATOO
2048346,2048346_Ag_EU_ApeX_DY30BHO
2048349,2048349_Ag_EU_ApeX_PL42APO
2048401,2048401_Ag_DE_DDB_eseslub
2048406,2048406_Ag_DE_DDB_MPIWG
2048408,2048408_Ag_DE_DDB_SLUB-Sub1
2048410,2048410_Ag_DE_DDB_SLUB-Sub3
2048411,2048411_Ag_DE_DDB_SLUB-Sub4
2048413,2048413_Ag_DE_DDB_SLUB-Sub5
2048414,2048414_Ag_DE_DDB_SLUB-Sub6
2048415,2048415_Ag_DE_DDB_SLUB-Sub7
2048417,2048417_Ag_DE_DDB_SLUB-Sub9
2048418,2048418_Ag_DE_DDB_SLUB-Sub10
2048419,2048419_Ag_DE_DDB_SLUB-Sub11
2048420,2048420_Ag_DE_DDB_SLUB-Sub12
2048421,2048421_Ag_DE_DDB_Wasserbau
2048602,2048602_Ag_EU_DM2E_onb_codices
2048603,2048603_Ag_EU_DM2E_ubffm_msma
2048604,2048604_Ag_EU_DM2E_onb_abo
2048605,2048605_Ag_EU_DM2E_bbaw_dta
2048606,2048606_Ag_EU_DM2E_mpiwg_harriot
2048608,2048608_Ag_EU_DM2E_sbb_manumed
2048609,2048609_Ag_EU_DM2E_uber_dingler
2048610,2048610_Ag_EU_DM2E_uib_wab
2048611,2048611_Ag_EU_DM2E_sbb_kpe
2048612,2048612_Ag_EU_DM2E_cjh_lbi
2048616,2048616_Ag_EU_DM2E_bas_codsupra
2048617,2048617_Ag_EU_DM2E_jdc_nyar1418
2048618,2048618_Ag_EU_DM2E_ubffm_horkheimer
2048619,2048619_Ag_EU_DM2E_mpiwg_ismi
2048620,2048620_Ag_EU_DM2E_ubffm_msmo
2048621,2048621_Ag_EU_DM2E_ubffm_msor
2048622,2048622_Ag_EU_DM2E_ecorr_burckhardtsource
2048623,2048623_Ag_EU_DM2E_nli_books
2048624,2048624_Ag_EU_DM2E_nli_manuscripts
2048701,2048701_Ag_EU_3D-ICONS_CETI
2048702,2048702_Ag_EU_3D-ICONS_ISTI
2048703,2048703_Ag_EU_3D-ICONS_ICA
2048705,2048705_Ag_EU_3D-ICONS_DISC
2048706,2048706_Ag_EU_3D-ICONS_FBK
2048708,2048708_Ag_EU_3D-ICONS_MAP
2048709,2048709_Ag_EU_3D-ICONS_MNIR
2048710,2048710_Ag_EU_3D-ICONS_STARC
2048712,2048712_Ag_EU_3D-ICONS_CMC
2048713,2048713_Ag_EU_3D-ICONS_UJA
2048714,2048714_Ag_EU_3D-ICONS_ITABC
2048715,2048715_Ag_EU_3D-ICONS_KMKG
2048716,2048716_Ag_EU_3D-ICONS_VISDIM
2051901,2051901_Ag_EU_EUscreenXL_1007
2051902,2051902_Ag_EU_EUscreenXL_1010
2051903,2051903_Ag_EU_EUscreenXL_1011
2051904,2051904_Ag_EU_EUscreenXL_1014
2051905,2051905_Ag_EU_EUscreenXL_1015
2051908,2051908_Ag_EU_EUscreenXL_1024
2051909,2051909_Ag_EU_EUscreenXL_1027
2051911,2051911_Ag_EU_EUscreenXL_1016
2051912,2051912_Ag_EU_EUscreenXL_1018
2051913,2051913_Ag_EU_EUscreenXL_1006
2051914,2051914_Ag_EU_EUscreenXL_1028
2055701,2055701_AG_GR_ELIA_theatrical
2055703,2055703_AG_GR_ELIA_press
2055706,2055706_AG_GR_ELIA_maps
2055707,2055707_AG_GR_ELIA_ephemera
2055708,2055708_AG_GR_ELIA_photo
2055709,2055709_AG_GR_ELIA_calendars
2055710,2055710_Veria_123
2055711,2055711_Veria_120
2055713,2055713_Veria_121
2055714,2055714_Veria_126
2055716,2055716_Veria_125
2055717,2055717_Veria_122
2055720,2055720_Veria_254
2055725,2055725_Veria_269
2055726,2055726_Veria_285
2055728,2055728_Veria_286
2055731,2055731_Veria_446
2055732,2055732_Veria_447
2055733,2055733_Veria_451
2055734,2055734_AG_GR_ELIA_Onasis_445
2058207,2058207_AG_ES_CIB_H15804
2058401,2058401_Ag_EU_Daguerreobase
2058501,2058501_M_ES_Thyssen_Obras
2058601,2058601_Ag_EU_LoCloud_CUT
2058602,2058602_Ag_EU_LoCloud_Zavad-Jara
2058604,2058604_Ag_EU_LoCloud_VUKF
2058605,2058605_Ag_EU_LoCloud_NPU
2058606,2058606_Ag_EU_LoCloud_FRS
2058607,2058607_Ag_EU_LoCloud_HU
2058608,2058608_Ag_EU_LoCloud_DP
2058609,2058609_Ag_EU_LoCloud_PSRL
2058610,2058610_Ag_EU_LoCloud_MECD
2058611,2058611_Ag_EU_LoCloud_Swiss
2058612,2058612_Ag_EU_LoCloud_CHB
2058614,2058614_Ag_EU_LoCloud_ABMR
2058616,2058616_Ag_EU_LoCloud_BJC
2058617,2058617_Ag_EU_LoCloud_GKR
2058618,2058618_Ag_EU_LoCloud_KUAS
2058701,2058701_Ag_SW_WikimediaSverige_wlm-se_2011
2058702,2058702_Ag_SW_WikimediaSverige_da-och-nu
2058704,2058704_Ag_SW_WikimediaSverige_wlm-se_2013
2058705,2058705_Ag_SW_WikimediaSverige_wlm-se_2014
2058801,2058801_Ag_EU_EAGLE_EDH
2058802,2058802_Ag_EU_EAGLE_BSR
2058803,2058803_Ag_EU_EAGLE_UOXF
2058804,2058804_Ag_EU_EAGLE_AUSONIUS
2058806,2058806_Ag_EU_EAGLE_EDR
2058807,2058807_Ag_EU_EAGLE_EDB
2058809,2058809_Ag_EU_EAGLE_ELTE
2058810,2058810_Ag_EU_EAGLE_UBB
2058811,2058811_Ag_EU_EAGLE_DAI
2059101,2059101_M_ES_Prado
2059201,2059201_Ag_EU_eSOUNDS_1003_Latvia
2059202,2059202_Ag_EU_eSOUNDS_1004_Rundfunk
2059203,2059203_Ag_EU_eSOUNDS_1005_Denmark
2059205,2059205_Ag_EU_eSOUNDS_1010_MPI
2059206,2059206_Ag_EU_eSOUNDS_1011_FMS
2059207,2059207_Ag_EU_eSOUNDS_1012_CTMA
2059207,2059207_Ag_EU_eSOUNDS_1012_ITMA
2059208,2059208_Ag_EU_eSOUNDS_1020_CNRS-CREM
2059209,2059209_Ag_EU_eSOUNDS_1018_BL
2059210,2059210_Ag_EU_eSOUNDS_1014_NISV
90402,90402_M_NL_Rijksmuseum
90501,90501_L_IT_BNCF_ManoscrittiInRete_tel
90801,90801_L_CH_NatLib_durrenmatt_dcx
90901,90901_L_ES_BVMC_Collection_ark_bvmc
91001,91001_L_DE_SUBGottingen_Itineraria_ese
91401,91401_AV_FR_MusiqueContemporaine_oai_dc
91609,91609_Ag_SE_SwedishNationalHeritage_smvk-vkmf
916100,916100_Ag_SE_SwedishNationalHeritage_gsm-event
916101,916101_Ag_SE_SwedishNationalHeritage_gsm-digitaldo
916104,916104_Ag_SE_SwedishNationalHeritage_malmo_samling
916105,916105_SOCH_va_bm_media
916107,916107_Ag_SE_SwedishNationalHeritage_arbmus
916108,916108_Ag_SE_SwedishNationalHeritage_Marinmuseum
916109,916109_Ag_SE_SwedishNationalHeritage_Sjohistoriska
916110,916110_Ag_SE_SwedishNationalHeritage_Vasamuseet
91617,91617_Ag_SE_SwedishNationalHeritage_Upplandsmuseet
91619,91619_Ag_SE_SwedishNationalHeritage_smvk-em
91622,91622_Ag_SE_SwedishNationalHeritage_raa_kmb
91625,91625_Ag_SE_SwedishNationalHeritage_no_obj
91626,91626_Ag_SE_SwedishNationalHeritage_tm_obj
91627,91627_Ag_SE_SwedishNationalHeritage_smvk-emfoto
91631,91631_Ag_SE_SwedishNationalHeritage_shm_art
91633,91633_Ag_SE_SwedishNationalHeritage_shm_media
91638,91638_Ag_SE_SwedishNationalHeritage_tm_media
91639,91639_Ag_SE_SwedishNationalHeritage_smvk-mm
91640,91640_Ag_SE_SwedishNationalHeritage_smvk-mmfoto
91641,91641_Ag_SE_SwedishNationalHeritage_smvk-oa-arkivd
91642,91642_Ag_SE_SwedishNationalHeritage_smvk-oa-partob
91643,91643_Ag_SE_SwedishNationalHeritage_smvk-oa-object
91644,91644_Ag_SE_SwedishNationalHeritage_smvk-mmeg
91645,91645_Ag_SE_SwedishNationalHeritage_smvk-mmlu
91646,91646_Ag_SE_SwedishNationalHeritage_smvk-mmgrom
91647,91647_Ag_SE_SwedishNationalHeritage_smvk-mmcy
91648,91648_Ag_SE_SwedishNationalHeritage_smvk-mmwa
91650,91650_Ag_SE_SwedishNationalHeritage_hem_objekt
91651,91651_Ag_SE_SwedishNationalHeritage_HEO
91652,91652_Ag_SE_SwedishNationalHeritage_KBG
91654,91654_Ag_SE_SwedishNationalHeritage_shfa
91655,91655_Ag_SE_SwedishNationalHeritage_Aeroseum
91656,91656_Ag_SE_SwedishNationalHeritage_Teleseum
91657,91657_Ag_SE_SwedishNationalHeritage_GFM
91658,91658_Ag_SE_SwedishNationalHeritage_malmo_objekt
91659,91659_Ag_SE_SwedishNationalHeritage_skansen
91660,91660_Ag_SE_SwedishNationalHeritage_smvk-video
91662,91662_Ag_SE_SwedishNationalHeritage_gsm-underobjek
91663,91663_Ag_SE_SwedishNationalHeritage_FMB
91665,91665_Ag_SE_SwedishNationalHeritage_malmo_delobjek
91668,91668_Ag_SE_SwedishNationalHeritage_gsm-objekt
91672,91672_Ag_SE_SwedishNationalHeritage_malmo_foto
91674,91674_Ag_SE_SwedishNationalHeritage_gsm-delobjekt
91676,91676_Ag_SE_SwedishNationalHeritage_Arkitektur
91680,91680_Ag_SE_SwedishNationalHeritage_hem_delobjekt
91682,91682_Ag_SE_SwedishNationalHeritage_vm-objekt
91683,91683_Ag_SE_SwedishNationalHeritage_ajtte_objekt
91685,91685_Ag_SE_SwedishNationalHeritage_ajtte_vaxt
91687,91687_Ag_SE_SwedishNationalHeritage_ajtte_fagel
91688,91688_Ag_SE_SwedishNationalHeritage_ajtte_geologi
91690,91690_Ag_SE_SwedishNationalHeritage_ajtte_svamp
91691,91691_Ag_SE_SwedishNationalHeritage_ajtte_insekter
91694,91694_Ag_SE_SwedishNationalHeritage_jonkoping
91695,91695_Ag_SE_SwedishNationalHeritage_vfm
91697,91697_Ag_SE_SwedishNationalHeritage_GoogleFieldTri
91698,91698_Ag_SE_SwedishNationalHeritage_SuM
91699,91699_Ag_SE_SwedishNationalHeritage_rsms
91905,91905_L_ES_BibCatalunya_manuscritAB
91907,91907_L_ES_BibCatalunya_bcsalvany
91908,91908_L_ES_BibCatalunya_enquadernac
91909,91909_L_ES_BibCatalunya_epistolari
919100,919100_L_Es_BibCatalunya_Barcelona_manuscrits
919101,919101_L_Es_BibCatalunya_Barcelona_balnearis
919102,919102_L_Es_BibCatalunya_Barcelona_farmacia
919103,919103_L_Es_BibCatalunya_Barcelona_incunables
919104,919104_L_Es_BibCatalunya_Barcelona_atlesmed
919105,919105_L_Es_BibCatalunya_Barcelona_colcirurgia
919106,919106_L_Es_BibCatalunya_Barcelona_cartelleres
91910,91910_L_ES_BibCatalunya_incunableBC
919110,919110_L_Es_BibCatalunya_Barcelona_DocOCPM
919111,919111_L_Es_BibCatalunya_Barcelona_FotosOC
919112,919112_L_Es_BibCatalunya_Barcelona_FotosPMC
919113,919113_L_Es_BibCatalunya_Barcelona_ActesOC
919116,919116_L_Es_BibCatalunya_Barcelona_OArtcat
919117,919117_L_Es_BibCatalunya_Barcelona_ProgOC
919119,919119_L_Es_BibCatalunya_Barcelona_pergamiBC
91911,91911_L_ES_BibCatalunya_llibimps16
919120,919120_L_Es_BibCatalunya_Barcelona_Diputacio
919121,919121_L_ES_BibCatalunya_hotels
919122,919122_L_ES_BibCatalunya_fpguimera
91912,91912_L_ES_BibCatalunya_llibimps19
91913,91913_L_ES_BibCatalunya_manuscritBC
91915,91915_L_ES_BibCatalunya_partiturBC
91917,91917_L_ES_BibCatalunya_arxiurs
91918,91918_L_ES_BibCatalunya_premPolCla
91921,91921_L_Es_BibCatalunya_oriolmartor
91923,91923_L_ES_BibCatalunya_papermoneda
91924,91924_L_ES_BibCatalunya_projectesob
91927,91927_L_ES_BibCatalunya_bibliETSEIB
91929,91929_L_ES_BibCatalunya_fonsFerran
91930,91930_L_ES_BibCatalunya_guerraInd
91931,91931_L_ES_BibCatalunya_guerrasucce
91932,91932_L_ES_BibCatalunya_mapesBC
91933,91933_L_ES_BibCatalunya_allegacions
91934,91934_L_ES_BibCatalunya_afceccf
91935,91935_L_ES_BibCatalunya_afcecemc
91936,91936_L_ES_BibCatalunya_afcecag
91937,91937_L_ES_BibCatalunya_afcecin
91938,91938_L_ES_BibCatalunya_afceco
91939,91939_L_ES_BibCatalunya_afcecpz
91941,91941_L_Es_BibCatalunya_cartellstur
91942,91942_L_Es_BibCatalunya_cartellsesp
91945,91945_L_Es_BibCatalunya_udg
91946,91946_L_Es_BibCatalunya_hospstmaria
91947,91947_L_Es_BibCatalunya_abertrana
91948,91948_L_Es_BibCatalunya_pbertrana
91950,91950_L_Es_BibCatalunya_fffmompou
91951,91951_L_Es_BibCatalunya_ffmgausachs
91952,91952_L_Es_BibCatalunya_hospstcreu
91954,91954_L_Es_BibCatalunya_epistolari
91956,91956_L_Es_BibCatalunya_fulletsAB
91957,91957_L_Es_BibCatalunya_gravatsIEI
91958,91958_L_Es_BibCatalunya_impresosahg
91959,91959_L_Es_BibCatalunya_incunableAB
91961,91961_L_Es_BibCatalunya_arenybatlle
91962,91962_L_Es_BibCatalunya_llibresxix
91963,91963_L_Es_BibCatalunya_llibimps16
91964,91964_L_Es_BibCatalunya_mapesBMVB
91965,91965_L_Es_BibCatalunya_marqimpress
91966,91966_L_Es_BibCatalunya_catalunya
91967,91967_L_Es_BibCatalunya_catalunya
91968,91968_L_Es_BibCatalunya_europa
91969,91969_L_Es_BibCatalunya_america
91970,91970_L_Es_BibCatalunya_africa
91971,91971_L_Es_BibCatalunya_oceania
91972,91972_L_Es_BibCatalunya_monregions
91974,91974_L_Es_BibCatalunya_fmones
91975,91975_L_Es_BibCatalunya_mapagc
91977,91977_L_Es_BibCatalunya_minutes
91978,91978_L_Es_BibCatalunya_orto5mv1
91979,91979_L_Es_BibCatalunya_bcnprov
91980,91980_L_Es_BibCatalunya_scmdiba
91981,91981_L_Es_BibCatalunya_fotoplanols
91982,91982_L_Es_BibCatalunya_scmdiba
91983,91983_L_Es_BibCatalunya_fm5kdiba
91984,91984_L_Es_BibCatalunya_gaspar
91985,91985_L_Es_BibCatalunya_barrie
91986,91986_L_Es_BibCatalunya_cuyas
91987,91987_L_Es_BibCatalunya_stereo
91988,91988_L_Es_BibCatalunya_freparaz
91989,91989_L_Es_BibCatalunya_musinst
91991,91991_L_Es_BibCatalunya_soltorresUDL
91992,91992_L_Es_BibCatalunya_giligayaUDL
91993,91993_L_Es_BibCatalunya_jurisUPF
91994,91994_L_Es_BibCatalunya_regnatsUPF
91995,91995_L_Es_BibCatalunya_austriaUPF
91996,91996_L_Es_BibCatalunya_IGuerraMuAB
91997,91997_L_Es_BibCatalunya_dibucesc
91998,91998_L_Es_BibCatalunya_fpmagullo
9200101,9200101_Ag_EU_TEL_Europeana_Libraries_a1012
9200102,9200102_Ag_EU_TEL_Europeana_Libraries_a1002
9200104,9200104_Ag_EU_TEL_a1001_EuropeanaLibraries
9200105,9200105_Ag_EU_TEL_a1000_EuropeanaLibraries
9200108,9200108_Ag_EU_TEL_a1029_ERegia
9200109,9200109_Ag_EU_TEL_a1040_EuropeanaLibraries
9200110,9200110_Ag_EU_TEL_a1010_EuropeanaLibraries
9200111,9200111_Ag_EU_TEL_a1041_EuropeanaLibraries
9200113,9200113_Ag_EU_TEL_a0524_LeCorbusier
9200114,9200114_Ag_EU_TEL_a0516_Bulgaria_Manuscript
9200115,9200115_Ag_EU_TEL_a0563_EUcollection14-18
9200118,9200118_Ag_EU_TEL_a1024folder_EuLibraries_Wales
9200120,9200120_Ag_EU_TEL_a1042_EuLibraries_Zuerich
9200121,9200121_Ag_EU_TEL_a1039_EuLibraries_Serbia
9200122,9200122_Ag_EU_TEL_a0031_KB
9200123,9200123_Ag_EU_TEL_a1023_Sibiu
9200125,9200125_Ag_EU_TEL_a0083_Zagreb
9200126,9200126_Ag_EU_TEL_a1043_Belgrad
9200129,9200129_Ag_EU_TEL_a1050_Madrid
9200130,9200130_Ag_EU_TEL_a1013_Madrid
9200131,9200131_Ag_EU_TEL_a1016_Madrid
9200132,9200132_Ag_EU_TEL_a1033tel_RomaniaAcademy
9200133,9200133_Ag_EU_TEL_a0585_Zagreb
9200134,9200134_Ag_EU_TEL_UniversityofLeuven
9200135,9200135_Ag_EU_TEL_Eu.Libraries_Dublin
9200137,9200137_Ag_EU_TEL_a0552_Denmark
9200138,9200138_Ag_EU_TEL_a1004_Belgium
9200139,9200139_Ag_EU_TEL_a1035_Belgium
9200141,9200141_Ag_EU_TEL_a1058_E.Libraries_Ghent
9200142,9200142_Ag_EU_TEL_a1057_E.Libraries_Ghent
9200143,9200143_Ag_EU_TEL_a1007_E.Libraries_Oxford
9200144,9200144_Ag_EU_TEL_a0513
9200145,9200145_Ag_EU_TEL_a0442
9200146,9200146_Ag_EU_TEL_a1052_E.Libraries_Vienna
9200147,9200147_Ag_EU_TEL_a1053_E.Libraries_Vienna
9200148,9200148_Ag_EU_TEL_a1054_E.Libraries_Vienna
9200150,9200150_Ag_EU_TEL_a1061_Wickiana_Collection
9200151,9200151_Ag_EU_TEL_a1051_Uni.Vienna
9200152,9200152_Ag_EU_TEL_a1049_E.Librarier_Madrid
9200154,9200154_Ag_EU_TEL_a0581_Europeana14-18_UK
9200164,9200164_Ag_EU_TEL_a1055a_Eu_Libraries_Sibiu
9200165,9200165_Ag_EU_TEL_a1055b_Eu_Libraries_Sibiu
9200166,9200166_Ag_EU_TEL_a1062_Eu_Libraries_Zurich
9200168,9200168_Ag_EU_TEL_a0570_EUcollecton14-18
9200170,9200170_Ag_EU_TEL_a1019d_EU_Libraries_Vienna
9200171,9200171_Ag_EU_TEL_a1019e_EU_Libraries_Vienna
9200172,9200172_Ag_EU_TEL_a1021_EU_Libraries_Vienna
9200173,9200173_Ag_EU_TEL_a1118_EU_Libraries_Wales
9200174,9200174_Ag_EU_TEL_a1022_EU_Libraries_Vienna
9200175,9200175_Ag_EU_TEL_a1008_EU_Libraries_Bodleian
9200176,9200176_Ag_EU_TEL_a0559_EUcollection14-18
9200178,9200178_Ag_EU_TEL_a0532_EUcollection14-18_Rome
9200180,9200180_Ag_EU_TEL_a1124_EULibraries_Sibiu
9200181,9200181_Ag_EU_TEL_a1120_UK
9200182,9200182_Ag_EU_TEL_a1048_EUlibraries_UK
9200183,9200183_Ag_EU_TEL_a1014_EUlibraries_Madrid
9200184,9200184_Ag_EU_TEL_a1125_EUlibraries_Belgrade
9200185,9200185_Ag_EU_TEL_a1126_EUlibraries_Belgrade
9200187,9200187_Ag_EU_TEL_a1128_EUlibraries_Belgrade
9200189,9200189_Ag_EU_TEL_a1015_EUlibraries_Madrid
9200190,9200190_Ag_EU_TEL_a1011_EUlibraries_Madrid
9200194,9200194_Ag_EU_TEL_a0633_EUCollections1418_Denmark
9200195,9200195_Ag_EU_TEL_a1130a_EUCollections1418_Italy
9200196,9200196_Ag_EU_TEL_a1130b_EUCollections1418_Italy
9200197,9200197_Ag_EU_TEL_a1130c_EUCollections1418_Italy
9200199,9200199_Ag_EU_TEL_a1130e_EUCollections1418_Italy
9200200,9200200_Ag_EU_TEL_a1130f_EUCollections1418_Italy
9200201,9200201_Ag_EU_TEL_a1131_EUCollections1418_Italy
9200202,9200202_Ag_EU_TEL_a1132a_EUCollections1418_Italy
9200204,9200204_Ag_EU_TEL_a1133a_EUCollections1418_Italy
9200205,9200205_Ag_EU_TEL_a1133b_EUCollections1418_Italy
9200206,9200206_Ag_EU_TEL_a1071_Madrid
9200207,9200207_Ag_EU_TEL_a1072_Madrid
9200208,9200208_Ag_EU_TEL_a1020_University_Vienna
9200209,9200209_Ag_EU_TEL_a1022a_University_Vienna
9200210,9200210_Ag_EU_TEL_a1019f_University_of_Vienna
9200211,9200211_Ag_EU_TEL_a1111_e-Codices
9200212,9200212_Ag_EU_TEL_a0539_Collections_1914-1918
9200213,9200213_Ag_EU_TEL_a0538_Collections_1914-1918
9200214,9200214_Ag_EU_TEL_a0537_Collections_1914-1918
9200215,9200215_Ag_EU_TEL_a1135_Bulgaria
9200217,9200217_Ag_EU_TEL_a1134a_Collections_1914-1918
9200218,9200218_Ag_EU_TEL_a1134b_Collections_1914-1918
9200220,9200220_Ag_EU_TEL_a0648_Collections_1914-1918
9200221,9200221_Ag_EU_TEL_a1122_Romania_Academy
9200222,9200222_Ag_EU_TEL_a0546_Collections_1914-1918
9200223,9200223_Ag_EU_TEL_a0545_Collections_1914-1918
9200224,9200224_Ag_EU_TEL_a0635_National_Library_Russia
9200227,9200227_Ag_EU_TEL_a0533_Collections_1914-1918
9200228,9200228_Ag_EU_TEL_a0565_Collections_1914-1918
9200229,9200229_Ag_EU_TEL_a1112_LibGent
9200231,9200231_Ag_EU_TEL_a1081_Collections_1914-1918
9200232,9200232_Ag_EU_TEL_a1115_University_library_Madrid
9200233,9200233_Ag_EU_TEL_a1199_GobiernoVasco
9200234,9200234_Ag_EU_TEL_a1139_OAPEN_Foundation_eCloud
9200235,9200235_Ag_EU_TEL_a1193_OAPEN_Foundation_eCloud
9200236,9200236_Ag_EU_TEL_a0567_Collections1914-1918
9200237,9200237_Ag_EU_TEL_a0571_Collections1914-1918
9200242,9200242_Ag_EU_TEL_a1160_Amsterdam_UV
9200243,9200243_Ag_EU_TEL_a1150_Amsterdam_UV_eCloud
9200244,9200244_Ag_EU_TEL_a1157_Amsterdam_UV_eCloud
9200245,9200245_Ag_EU_TEL_a1151_Amsterdam_UV_eCloud
9200247,9200247_Ag_EU_TEL_a1152_Amsterdam_UV
9200248,9200248_Ag_EU_TEL_a1159_Amsterdam_UV
9200249,9200249_Ag_EU_TEL_a1155_Amsterdam_UV_eCloud
9200250,9200250_Ag_EU_TEL_a1156_Amsterdam_UV
9200251,9200251_Ag_EU_TEL_a1200a_British_Library
9200252,9200252_Ag_EU_TEL_a1200b_British_Library
9200253,9200253_Ag_EU_TEL_a1200c_British_Library
9200254,9200254_Ag_EU_TEL_a1200d_British_Library
9200255,9200255_Ag_EU_TEL_a1200e_British_Library
9200256,9200256_Ag_EU_TEL_a1200f_British_Library
9200257,9200257_Ag_EU_TEL_a1200g_British_Library
9200259,9200259_Ag_EU_TEL_eCloud_a1169_Edinburgh
9200261,9200261_Ag_EU_TEL_eCloud_a1171_Edinburgh
9200263,9200263_Ag_EU_TEL_eCloud_a1173_Edinburgh
9200264,9200264_Ag_EU_TEL_eCloud_a1174_Edinburgh
9200266,9200266_Ag_EU_TEL_eCloud_a1176_Edinburgh
9200267,9200267_Ag_EU_TEL_eCloud_a1177_Edinburgh
9200269,9200269_Ag_EU_TEL_eCloud_a1201_Edinburgh
9200270,9200270_Ag_EU_TEL_eCloud_a1202_Edinburgh
9200272,9200272_Ag_EU_TEL_eCloud_a1204_Edinburgh
9200273,9200273_Ag_EU_TEL_eCloud_a1205_Edinburgh
9200274,9200274_Ag_EU_TEL_eCloud_a1206_Edinburgh
9200275,9200275_Ag_EU_TEL_Collections1914-1918_CIDL_a1093
9200277,9200277_Ag_EU_TEL_Collections1914-1918_CIDL_a1209
9200278,9200278_Ag_EU_TEL_Collections1914-1918_CIDL_a1210
9200279,9200279_Ag_EU_TEL_Collections1914-1918_CIDL_a1211
9200280,9200280_Ag_EU_TEL_Collections_1914-1918_BL_a0558
9200281,9200281_Ag_EU_TEL_Collections_1914-1918_BL_a0577
9200283,9200283_Ag_EU_TEL_Collections_1914-1918_BL_a0576
9200284,9200284_Ag_EU_TEL_a1212_GobiernoVasco
9200285,9200285_Ag_EU_TEL_a1213_GobiernoVasco
9200286,9200286_Ag_EU_TEL_a1214_GobiernoVasco
9200287,9200287_Ag_EU_TEL_a1215_GobiernoVasco
9200288,9200288_Ag_EU_TEL_a1216_GobiernoVasco
9200289,9200289_Ag_EU_TEL_a0562_EUcollection14-18
9200290,9200290_Ag_EU_TEL_a0564b_EUcollection14-18
9200291,9200291_Ag_EU_TEL_a0564a_EUcollection14-18
9200292,9200292_Ag_EU_TEL_a0561_EUcollection14-18
9200294,9200294_Ag_EU_TEL_a0541_EUcollection14-18
9200297,9200297_Ag_EU_TEL_a0535_EUcollection14-18
9200298,9200298_Ag_EU_TEL_a0530_EUcollection14-18
9200299,9200299_Ag_EU_TEL_a0547_EUcollection14-18
92002,92002_Ag_EU_TEL_TELtreasures
9200302,9200302_Ag_EU_TEL_a0597_Newspapers_Spain
9200303,9200303_Ag_EU_TEL_a0617_Newspapers_Latvia
9200304,9200304_Ag_EU_TEL_a0550_Collections_1914-1918
9200305,9200305_Ag_EU_TEL_a0549a_Drawings_1914-1918
9200306,9200306_Ag_EU_TEL_a0549a_Graphics_1914-1918
9200307,9200307_Ag_EU_TEL_a0549c_1914-1918
9200310,9200310_Ag_EU_TEL_a0549d_1914-1918
9200311,9200311_Ag_EU_TEL_a0549e_1914-1918
9200312,9200312_Ag_EU_TEL_a0544_1914-1918
9200314,9200314_Ag_EU_TEL_a1192b_Collections_1914-1918
9200316,9200316_Ag_EU_TEL_a11219_Scotland
9200317,9200317_Ag_EU_TEL_a1087_Collections_1914-1918
9200318,9200318_Ag_EU_TEL_a0557_Collections_1914-1918
9200319,9200319_Ag_EU_TEL_a0578_Collections_1914-1918
9200320,9200320_Ag_EU_TEL_a0625_Collections_1914-1918
9200322,9200322_Ag_EU_TEL_a1221_Collections_1914-1918
9200323,9200323_Ag_EU_TEL_a1222_Collections_1914-1918
9200324,9200324_Ag_EU_TEL_a0653_EUcollection14-18
9200326,9200326_Ag_EU_TEL_a1182_ULB_eCloud
9200327,9200327_Ag_EU_TEL_a1183_ULB_eCloud
9200328,9200328_Ag_EU_TEL_a1184_ULB_eCloud
9200329,9200329_Ag_EU_TEL_a1185a_ULB_eCloud
9200330,9200330_Ag_EU_TEL_a1185b_ULB_eCloud
9200331,9200331_Ag_EU_TEL_a1186_ULB_eCloud
9200332,9200332_Ag_EU_TEL_a0660_ONB
9200333,9200333_Ag_EU_TEL_a0615_Newspapers_TessmannLibrary
9200335,9200335_Ag_EU_TEL_a1207_Denmark
9200336,9200336_Ag_EU_TEL_a1227_Bulgaria
9200337,9200337_Ag_EU_TEL_a0559c_EC1914_BL
9200338,9200338_Ag_EU_TEL_a0621_Newspapers_HamburgLibrary
9200339,9200339_Ag_EU_TEL_a0622_Newspapers_Belgrade
9200340,9200340_Ag_EU_TEL_a1145_eCloud_LucianBlaga
9200343,9200343_Ag_EU_TEL_a1218_eCloud_NL_Denmark
9200344,9200344_Ag_EU_TEL_a1167a_eCloud_Croatia
9200345,9200345_Ag_EU_TEL_a1167b_eCloud_Croatia
9200347,9200347_Ag_EU_TEL_a1167e_eCloud_Croatia
9200348,9200348_Ag_EU_TEL_a1167f_eCloud_Croatia
9200349,9200349_Ag_EU_TEL_a1167h_eCloud_Croatia
9200350,9200350_Ag_EU_TEL_a1167i_eCloud_Croatia
9200351,9200351_Ag_EU_TEL_a1167j_eCloud_Croatia
9200352,9200352_Ag_EU_TEL_a1224_Zagreb
9200353,9200353_Ag_EU_TEL_a1237_Bulgaria_Manuscript
9200354,9200354_Ag_EU_TEL_a0553
9200355,9200355_Ag_EU_TEL_a0620_Newspapers_Berlin
9200356,9200356_Ag_EU_TEL_a0616_Newspapers_Estonia
9200357,9200357_Ag_EU_TEL_a0618_Newspapers_poland
9200359,9200359_Ag_EU_TEL_a0601_Newspapers_Netherlands
9200360,9200360_Ag_EU_TEL_a0639_Newspapers_Luxembourg
9200362,9200362_Ag_EU_TEL_a1190_eCloud_Dialnet
9200363,9200363_Ag_EU_TEL_a1191_eCloud_Dialnet
9200364,9200364_Ag_EU_TEL_a1263_Portugal_EC1914-1918
9200365,9200365_Ag_EU_TEL_a0142_Gallica
9200367,9200367_Ag_EU_TEL_a1265_Newspapers_Serbia
9200368,9200368_Ag_EU_TEL_a1229_NationalLibraryBulgaria
9200369,9200369_Ag_EU_TEL_a1299_FondazioneBEIC
9200370,9200370_Ag_EU_TEL_a1147_eCloud_NationalLibTech
9200373,9200373_Ag_EU_TEL_a0642_Newspapers_Portugal
9200374,9200374_Ag_EU_TEL_a0645_Newspapers_Bulgaria
9200375,9200375_Ag_EU_TEL_a0643_Newspapers_Romania
9200377,9200377_Ag_EU_TEL_a1228_NationalLibraryBulgaria
9200378,9200378_Ag_EU_TEL_a1230_NationalLibraryBulgaria
9200379,9200379_Ag_EU_TEL_a0551_Collections1914-1918_KB-DK
9200380,9200380_Ag_EU_TEL_a1148_eCloud_LibraryTechnology
9200381,9200381_Ag_EU_TEL_a1138_eCloud_Patras
9200383,9200383_Ag_EU_TEL_a0544a_eCloud_KBR
9200384,9200384_Ag_EU_TEL_a0613_Newspapers_ONB
9200386,9200386_Ag_EU_TEL_a1194_BSB
9200387,9200387_Ag_EU_TEL_a1225_British_Library
9200390,9200390_Ag_EU_TEL_a1167d_eCloud_Croatia
9200391,9200391_Ag_EU_TEL_a1167g_eCloud_Croatia
9200392,9200392_Ag_EU_TEL_a1167o_eCloud_Croatia
9200393,9200393_Ag_EU_TEL_a1168a_eCloud_Croatia
9200394,9200394_Ag_EU_TEL_a0512_Slovenia
9200395,9200395_Ag_EU_TEL_a1034a_EuropeanaLibraries
9200396,9200396_Ag_EU_TEL_ a0639_ft_Newspapers_Luxembourg
9200398,9200398_Ag_EU_TEL_ a1349a_CentralLibFlorence
9200399,9200399_Ag_EU_TEL_ a1349b_CentralLibFlorence
9200400,9200400_Ag_EU_TEL_ a1146_eCloud_Sibiu
9200401,9200401_Ag_EU_TEL_ a0026_KB_NL
9200403,9200403_Ag_EU_TEL_a0652_KB_NL
9200404,9200404_Ag_EU_TEL_a1179_eCloudLeuven
9200405,9200405_Ag_EU_TEL_a1180_eCloudLeuven
9200406,9200406_Ag_EU_TEL_a1181_eCloudLeuven
9200407,9200407_Ag_EU_TEL_a1158_eCloudVU
9200408,9200408_Ag_EU_TEL_a0599_NewspapersGallica
9200410,9200410_Ag_EU_TEL_a1168c_eCloud_Croatia
9200411,9200411_Ag_EU_TEL_a1168d_eCloud_Croatia
9200412,9200412_Ag_EU_TEL_a1168e_eCloud_Croatia
9200413,9200413_Ag_EU_TEL_a1168f_eCloud_Croatia
9200415,9200415_Ag_EU_TEL_a1168j_eCloud_Croatia
9200416,9200416_Ag_EU_TEL_a1168k_eCloud_Croatia
9200417,9200417_Ag_EU_TEL_a1168g_eCloud_Croatia
9200418,9200418_Ag_EU_TEL_a1142_CentralEurope
9200419,9200419_Ag_EU_TEL_a1143_CentralEurope
9200420,9200420_Ag_EU_TEL_a1144_CentralEurope
9200422,9200422_AG_EU_TEL_a1398_NLRomania
9200423,9200423_AG_EU_TEL_a1399_NLRomania
9200424,9200424_AG_EU_TEL_a1400_NLRomania
9200426,9200426_AG_EU_TEL_a1355_NLScotland
9200434,9200434_AG_EU_TEL_a1344_ONB_GFT
9200435,9200435_Ag_EU_TEL_a1168h_eCloud_Croatia
9200438,9200438_Ag_EU_TEL_a1167n_eCloud_Croatia
9200439,9200439_Ag_EU_TEL_a1167p_eCloud_Croatia
9200441,9200441_Ag_EU_TEL_a1167l_eCloud_Croatia
9200442,9200442_Ag_EU_TEL_a1396_NationalLibRomania
92004,92004_Ag_EU_TEL_a0588_TEL_NKP_manuscriptorium
92006,92006_Ag_EU_TEL_a0107_TEL_OSZK_HEL
92010,92010_Ag_EU_TEL_a0210_TEL_NLE_map
92011,92011_Ag_EU_TEL_a0239_TEL_ICCU_edit16pd
92012,92012_Ag_EU_TEL_a0277_Newspapers_Iceland
92022,92022_Ag_EU_TEL_a0430E
92023,92023_Ag_EU_TEL_a0431E.xml
92025,92025_Ag_EU_TEL_a0433E
92026,92026_Ag_EU_TEL_a0434
92027,92027_Ag_EU_TEL_a0429E.xml
92028,92028_Ag_EU_TEL_a0439
92033,92033_Ag_EU_TEL_a0245
92037,92037_Ag_EU_TEL_a0444_BritishLibrary
92038,92038_Ag_EU_TEL_a0327_Luxemburg
92039,92039_Ag_EU_TEL_a0493_Portugal
92040,92040_Ag_EU_TEL_a0155_Serbia
92052,92052_Ag_EU_TEL_a0311_Slovenia
92053,92053_Ag_EU_TEL_a0312_Slovenia
92054,92054_Ag_EU_TEL_a0309_Slovenia
92055,92055_Ag_EU_TEL_a0308_Slovenia
92056,92056_Ag_EU_TEL_a0022_Slovenia
92057,92057_Ag_EU_TEL_a0156_Slovenia
92060,92060_Ag_EU_TEL_a0478_Austria
92062,92062_Ag_EU_TEL_a0480_Austria
92063,92063_Ag_EU_TEL_a0481_Austria
92064,92064_Ag_EU_TEL_a0482_Austria
92065,92065_Ag_EU_TEL_a0445_ETravel
92066,92066_Ag_EU_TEL_a0070_posters
92067,92067_Ag_EU_TEL_a0490_EstoniaETravel
92068,92068_Ag_EU_TEL_a0491_SloveniaETravel
92070,92070_Ag_EU_TEL_a0492_AustriaETravel
92072,92072_Ag_LV_TEL_a0501_eTravel
92074,92074_Ag_AT_TEL_a0499_eTravel
92075,92075_Ag_EU_TEL_a0500_TravelTroughHistory
92076,92076_Ag_EU_TEL_a0497_DutchBooksOnline
92077,92077_Ag_SK_TEL_a0502_eTravel
92078,92078_Ag_EU_TEL_a1030_EuropanaRegia
92080,92080_Ag_FL_TEL_a0486_ETravelFinland
92081,92081_Ag_FR_TEL_Aragon_EuropeanaRegia
92082,92082_Ag_FR_TEL_Carol_EuropeanaRegia
92083,92083_Ag_GE_TEL_Germany_EuropeanaRegia
92084,92084_Ag_SE_TEL_a0504
92085,92085_Ag_LV_TEL_a0495
92088,92088_Ag_UK_TEL_a1009b_EuropeanaLibraries
92089,92089_Ag_UK_TEL_a1009c_EuropeanaLibraries
92090,92090_Ag_UK_TEL_a1009d_EuropeanaLibraries
92091,92091_Ag_UK_TEL_a1009e_EuropeanaLibraries
92092,92092_Ag_UK_TEL_a1009f_EuropeanaLibraries
92093,92093_Ag_UK_TEL_a1009g_EuropeanaLibraries
92094,92094_Ag_UK_TEL_a1009h_EuropeanaLibraries
92097,92097_Ag_EU_TEL_a1034_EuropeanaLibraries
92099,92099_Ag_EU_TEL_a1080_Europeana_Regia_France
00718,00718_A_DE_Landesarchiv_ese_1_0000005584
00724,00724_A_DE_Landesarchiv_ese_2_0000006123
00735,00735_A_DE_Landesarchiv_ese_5_0000013080
00741,00741_A_DE_Landesarchiv_ese_5_0000006708
00901,00901_AT_OsterreichischeMediathek_staatsvertrag_oa
00902,00902_AT_OsterreichischeMediathek_staatsvertrag_oa
06901,06901_ES_MediatecaOviedo
07710,07710_AV_CVCE_ASSETS_carte
07721,07721_AV_CVCE_ASSETS_tableau
07927,07927_L_DE_UniLibHeidelberg_druckschriften
08531,08531_Ag_EU_ATHENA_Research_Centre_for_the_Study_o
08533,08533_Ag_EU_ATHENA_Heritage_Malta
08540,08540_Ag_EU_ATHENA_Museum_of_Greek_Folk_Art
08541,08541_Ag_EU_ATHENA_National_Documentation_Centre
08545,08545_Ag_EU_ATHENA_Technical_Museum_of_Slovenia
08548,08548_Ag_EU_ATHENA_Estonian_Ministry_of_Culture
08570,08570_Ag_EU_ATHENA_Spordimuuseum
08571,08571_Ag_EU_ATHENA_Kunstimuuseum
08601,08601_Ag_EU_EFG_DFI
08606,08606_Ag_EU_EFG_Magyar
08614,08614_Ag_EU_EFG_eye_Film_Instituut
08619,08619_Ag_EU_EFG_Fondazione_Cineteca
08623,08623_Ag_EU_EFG_Cinematheque_Royale_Belgique
08703,08703_Ag_EU_NBN
08706,08706_Ag_EU_RMCA
08707,08707_Ag_EU_UBBI
08709,08709_Ag_EU_UCPH
08904,08904_Ag_AT_EuropeanaConnect_UBER
09003,09003_A_NL_NatArch_database.xml.normalized
09102,09102_Ag_EU_MIMO_ESE
09201,09201_Ag_EU_EUscreen_Cinecitta_Luce
09213,09213_Ag_EU_EUscreen_Czech_Televison
09315,09315_Ag_EU_Judaica_Hungarian_Jewish_Archives
09319,09319_Ag_EU_Judaica_fra5
09320,09320_Ag_EU_Judaica_aiu3
09328,09328_Ag_EU_Judaica_aiuarchives2
09332,09332_Ag_EU_Judaica_ASV
09404,09404_Ag_PL_ELocal.xml
09408,09408_Ag_HU_ELocal
09429,09429_Ag_SK_ELocal
09431,09431_Ag_BG_ELocal
09717,09717_L_IE_IVRLA_MyHomeDistrict_ese.xml
10619,10619_AV_DW_ASSETS_GA_5
11004,11004_AV_ALBENIZ_ASSETS_VIDEOS_MAGISTER_CELLO
11101,11101_A_HASC_ASSETS
11608,11608_Ag_EU_OpenUp!_NBGB
11625,11625_Ag_EU_OpenUp!_RBINS
15601,15601_Ag_UGC_GWA
2020106,2020106_Ag_SI_Nat.EContentAggregator_dedi
2020705,2020705_Ag_EU_CARARE_VUL
2020727,2020727_Ag_EU_CARARE_Slovakia
2020731,2020731_Ag_EU_CARARE_Malta2
2020732,2020732_Ag_EU_CARARE_Iceland2
2020733,2020733_Ag_EU_CARARE_Slovak
2020735,2020735_Ag_EU_CARARE_ehb_EST_GFT
2020801,2020801_Ag_EU_thinkMOTION_all
2021002,2021002_Ag_FI_NDL_fng
2021301,2021301_Ag_EU_OAPEN_oapen
2021601,2021601_Ag_NL_DNA_Open_Beelden
2021616,2021616_Ag_NL_DigitaleCollectie_nmm-uniformen
2021617,2021617_Ag_NL_DigitaleCollectie_nmm-voertuigen
2021621,2021621_Ag_NL_DigitaleCollectie_Glasmuseum
2021622,2021622_Ag_NL_DigitaleCollectie_BBWO2
2021624,2021624_Ag_NL_DigitaleCollectie_atria
2021625,2021625_Ag_NL_DigitaleCollectie_erfgoedleiden
2021631,2021631_Ag_NL_DigitaleCollectie_zaanstad
2021632,2021632_Ag_NL_DigitaleCollectie_archiefbreda
2021648,2021648_Ag_NL_DigitaleCollectie_DiMCoN:Gerderland
2021651,2021651_Ag_NL_DigitaleCollectie_archief_nijmegen
2021652,2021652_Ag_NL_DigitaleCollectie_BeeldbankBarneveld
2021659,2021659_Ag_NL_DigitaleCollectie_Deventer
2021666,2021666_Ag_NL_DigitaleCollectie_beeldbank_Rijckhey
2021706,2021706_Ag_CY_hdl_10797_248
2021718,2021718_Ag_CY_Kiprologiko
2021801,2021801_Ag_LT_SNL_Archival_documents
2022012,2022012_Ag_EU_HOPE_SSAF5010
2022018,2022018_Ag_EU_HOPE_SSAF1000
2022036,2022036_Ag_EU_HOPE_FMSDiario
2022061,2022061_Ag_EU_HOPE_OSAMonitoring
2022063,2022063_Ag_EU_HOPE_VGAMedia
2022064,2022064_Ag_EU_HOPE_OSAHungarianPropaganda
2022066,2022066_Ag_EU_HOPE_GNQNews
2022081,2022081_Ag_EU_HOPE_SSASlot06
2022104,2022104_Ag_EU_ECLAP_BELLONE
2022308,2022308_Ag_UK_ELocal_TWAM-MN
2022317,2022317_Ag_UK_ELocal_EnglishHeritage
2022323,2022323_Ag_UK_ELocal_PicturethePast
2022335,2022335_Ag_UK_CultureGrid_CoalMining
2022336,2022336_Ag_UK_CultureGrid_Harborough
2022345,2022345_Ag_UK_CultureGrid_RailwayMuseum
2022348,2022348_Ag_UK_CultureGrid_UCLArtMuseum
2022357,2022357_Ag_UK_CultureGrid_RAMMfineArt
2022359,2022359_Ag_UK_CultureGrid_Beaford
2022363,2022363_Ag_UK_CultureGrid_Cumbria_Archives
2022404,2022404_Ag_RO_Elocal_clujulin
2022420,2022420_Ag_RO_Elocal_cjcpctmu
2022603,2022603_Ag_NO_ELocal_MediaAudio
2022608,2022608_Ag_NO_ELocal_DiMu
2022617,2022617_Ag_NO_ELocal_eaarkicinordland
2022618,2022618_Ag_NO_ELocal_eaarkiivverket
2022702a,2022702a_Ag_ES_Hispana_esebvph
2022703,2022703_Ag_ES_Hispana_eseceres
2022802,2022802_AG_PT_Elocal_aveiro
2022903,2022903__Ag_SV_Elocal
2023001,2023001_Ag_BE_Elocal_Bokrijk
2023003,2023003_Ag_BE_Elocal_Erfgoedregister
2023008,2023008_Ag_BE_Elocal_ProvincieLimburg
2023017,2023017_Ag_BE_Elocal_Demervallei
2023202,2023202_Ag_SK_ELocal_SNM
2023403,2023403_Ag_FR_ELocal
2023508,2023508_Ag_FR_ELocal_CTHMPA01
2023703,2023703_Ag_EU_EuroPhoto_BELGA
2023802,2023802_AG-EU_LinkedHeritage_INFM
2023805,2023805_AG-EU_LinkedHeritage_Riksarkivet
2023811,2023811_AG-EU_LinkedHeritage_EtnografskiMuzej
2023812,2023812_AG-EU_LinkedHeritage_MuseodiChimica
2023818,2023818_AG-EU_LinkedHeritage_Catalunya
2023819,2023819_AG-EU_LinkedHeritage_Mechelen
2023832,2023832_AG-EU_LinkedHeritage_NearEast
2023834,2023834_AG-EU_LinkedHeritage_IDU
2023837,2023837_AG-EU_LinkedHeritage_MuseumMineralogy
2023841,2023841_AG-EU_LinkedHeritage_ArtandMineralDeposits
2023865,2023865_AG-EU_LinkedHeritage_DigiCult_eG
2023873,2023873_AG-EU_LinkedHeritage_BESS
2023876,2023876_AG-EU_LinkedHeritage_EstonianTheatre
2024901,2024901_Ag_EU_EuropeanaPhotography_Alinari_1006
2024903,2024903_Ag_EU_EuropeanaPhotography_KULeuven_1010
2024907,2024907_Ag_EU_EuropeanaPhotography_Gencat_1062
2024911,2024911_Ag_EU_EuropeanaPhotography_Imagno_1026
2024914,2024914_Ag_EU_EuropeanaPhotography_Girona_1019
2024916,2024916_Ag_EU_EuropeanaPhotography_Slovakia_1017
2024917,2024917_Ag_EU_EuropeanaPhotography_Denmark_1025
2025906,2025906_Ag_EU_1989_Czech_Republic
2026004,2026004_Ag_EU_DCA_1011_Reykjavik_Art_Museum
2026008,2026008_Ag_EU_DCA_1019_National_Gallery_of_Iceland
2026009,2026009_Ag_EU_DCA_1022_MAC_Belgium
2026010,2026010_Ag_EU_DCA_1022_Van_Boijmans_NL
2026013,2026013_Ag_EU_DCA_LT_Paints
2026101,2026101_Ag_EU_PartagePlus_1005
2026104,2026104_Ag_EU_PartagePlus_1012
2026107,2026107_Ag_EU_PartagePlus_1015
2026113,2026113_Ag_EU_PartagePlus_1028
2026123,2026123_Ag_EU_PartagePlus_1029
2032014,2032014_Ag_EU_EInside_KADOC_KU_Leuven
2048005,2048005_Ag_EU_AthenaPlus_SwedenNationalMuseum
2048006,2048006_Ag_EU_AthenaPlus_IrodalmiMuseum
2048010,2048010_Ag_EU_AthenaPlus_ethnografskimuzej
2048024,2048024_Ag_EU_AthenaPlus_CentraleRoma
2048038,2048038_Ag_EU_AthenaPlus_esbirkyMSPS
2048041,2048041_Ag_EU_AthenaPlus_esbirkyNM-PM
2048047,2048047_Ag_EU_AthenaPlus_RomaniaINP
2048048,2048048_Ag_EU_AthenaPlus_Merab
2048054,2048054_Ag_EU_AthenaPlus_MUO-Ceramic
2048059,2048059_Ag_EU_AthenaPlus_MUO-GraphicDesign
2048065,2048065_Ag_EU_AthenaPlus_MUO-Paintings
2048066,2048066_Ag_EU_AthenaPlus_MUO-PhotoEquip
2048070,2048070_Ag_EU_AthenaPlus_MUO-RecentPhotography
2048080,2048080_Ag_EU_AthenaPlus_esbirkyNM-HM
2048103,2048103_Ag_HU_MaNDA_images
2048109,2048109_Ag_HU_MaNDA_image4
2048110,2048110_Ag_HU_MaNDA_text5
2048116,2048116_Ag_HU_MaNDA_text7
2048216,2048216_Ag_EU_EuropeanaFashion_1034
2048228,2048228_Ag_EU_EuropeanaFashion_1011
2048301,2048301_Ag_EU_ApeX_ASA019
2048307,2048307_Ag_EU_ApeX_SERA
2048332,2048332_Ag_EU_ApeX_SEVarsted
2048347,2048347_Ag_EU_ApeX_ESACA
2048348,2048348_Ag_EU_ApeX_ESAHN
2048409,2048409_Ag_DE_DDB_SLUB-Sub2
2048416,2048416_Ag_DE_DDB_SLUB-Sub8
2048607,2048607_Ag_EU_DM2E_mpiwg_rara
2048613,2048613_Ag_EU_DM2E_cjh_yivo
2048614,2048614_Ag_EU_DM2E_brandeis_scwp
2048615,2048615_Ag_EU_DM2E_pim_kassak
2048625,2048625_Ag_EU_DM2E_nli_archives
2048707,2048707_Ag_EU_3D-ICONS_POLIMI
2048711,2048711_Ag_EU_3D-ICONS_Archeotransfert
2051907,2051907_Ag_EU_EUscreenXL_1022
2051910,2051910_Ag_EU_EUscreenXL_1008
2055704,2055704_AG_GR_ELIA_posters
2055705,2055705_AG_GR_ELIA_postcards
2055718,2055718_Veria_124
2055724,2055724_Veria_288
2055729,2055729_Veria_415
2058201,2058201_AG_ES_CIB_MFM
2058206,2058206_AG_ES_CIB_MGPB
2058603,2058603_Ag_EU_LoCloud_IPCHS
2058613,2058613_Ag_EU_LoCloud_AIT
2058615,2058615_Ag_EU_LoCloud_BJC-e
2058703,2058703_Ag_SW_WikimediaSverige_wlm-se_2012
2058805,2058805_Ag_EU_EAGLE_PLUS
2058808,2058808_Ag_EU_EAGLE_UAH
91607,91607_Ag_SE_SwedishNationalHeritage_smvk-emd
91608,91608_Ag_SE_SwedishNationalHeritage_smvk-vkm
916106,916106_Ag_SE_SwedishNationalHeritage_va_vbg
91616,91616_Ag_SE_SwedishNationalHeritage_Armemuseet
91624,91624_Ag_SE_SwedishNationalHeritage_shm_obj
91653,91653_Ag_SE_SwedishNationalHeritage_Miliseum
91666,91666_Ag_SE_SwedishNationalHeritage_smvk-arkiv
91669,91669_Ag_SE_SwedishNationalHeritage_smvk-oa-bildar
91670,91670_Ag_SE_SwedishNationalHeritage_smvk-vkm-arkiv
91671,91671_Ag_SE_SwedishNationalHeritage_smvk-emfotosam
91673,91673_Ag_SE_SwedishNationalHeritage_malmo_delfoto
91684,91684_Ag_SE_SwedishNationalHeritage_ajtte_daggdjur
91689,91689_Ag_SE_SwedishNationalHeritage_ajtte_mossalav
91906,91906_L_ES_BibCatalunya_cartellsBC
919107,919107_L_Es_BibCatalunya_Barcelona_fonsantic
919109,919109_L_Es_BibCatalunya_Barcelona_CartCEDOC
919114,919114_L_Es_BibCatalunya_Barcelona_PMautors
919115,919115_L_Es_BibCatalunya_Barcelona_MMautors
91914,91914_L_ES_BibCatalunya_materialsBC
91916,91916_L_ES_BibCatalunya_mapesCEC
91919,91919_L_ES_BibCatalunya_pavellorepu
91920,91920_L_ES_BibCatalunya_sabaterpi
91922,91922_L_ES_BibCatalunya_jartigas
91926,91926_L_ES_BibCatalunya_fonsFNB
91928,91928_L_ES_BibCatalunya_comercUPF
91940,91940_Ag_EU_BibCatalunya_banderins
91943,91943_L_Es_BibCatalunya_josepvinyal
91944,91944_L_Es_BibCatalunya_pavellorepu
91949,91949_L_Es_BibCatalunya_fotografiBC
91955,91955_L_Es_BibCatalunya_fulletsblUB
91973,91973_L_Es_BibCatalunya_vistes
9200106,9200106_Ag_EU_TEL_a1059_EuropeanaLibraries
9200112,9200112_Ag_EU_TEL_a1025_ERegia
9200119,9200119_Ag_EU_TEL_a1047folder_EuLibraries_Wales
9200124,9200124_Ag_EU_TEL_a0514_Denmark
9200136,9200136_Ag_EU_TEL_a0590_Bulgaria
9200140,9200140_Ag_EU_TEL_a0525_EUcollection14-18
9200153,9200153_Ag_EU_TEL_a0568_Europeana14-18_Serbia
9200177,9200177_Ag_EU_TEL_a0582_EUcollection14-18
9200186,9200186_Ag_EU_TEL_a1127_EUlibraries_Belgrade
9200198,9200198_Ag_EU_TEL_a1130d_EUCollections1418_Italy
9200203,9200203_Ag_EU_TEL_a1132b_EUCollections1418_Italy
9200225,9200225_Ag_EU_TEL_a0536_Collections_1914-1918
9200226,9200226_Ag_EU_TEL_a0634_National_Library_Russia
9200238,9200238_Ag_EU_TEL_a0569_Collections1914-1918
9200246,9200246_Ag_EU_TEL_a1154_Amsterdam_UV_eCloud
9200260,9200260_Ag_EU_TEL_eCloud_a1170_Edinburgh
9200262,9200262_Ag_EU_TEL_eCloud_a1172_Edinburgh
9200265,9200265_Ag_EU_TEL_eCloud_a1175_Edinburgh
9200268,9200268_Ag_EU_TEL_eCloud_a1178_Edinburgh
9200271,9200271_Ag_EU_TEL_eCloud_a1203_Edinburgh
9200276,9200276_Ag_EU_TEL_Collections1914-1918_CIDL_a1094
9200282,9200282_Ag_EU_TEL_Collections_1914-1918_BL_a0575
9200293,9200293_Ag_EU_TEL_a0540_EUcollection14-18
9200300,9200300_Ag_EU_TEL_a0600_Newspapers_ONB
9200301,9200301_Ag_EU_TEL_a0611_Newspapers_Finland
9200309,9200309_Ag_EU_TEL_a0549b_1914-1918
9200313,9200313_Ag_EU_TEL_a1220_1914-1918
9200315,9200315_Ag_EU_TEL_a1153_Amsterdam_UV_eCloud
9200341,9200341_Ag_EU_TEL_a1196_eCloud_LondonCollege
9200346,9200346_Ag_EU_TEL_a1167c_eCloud_Croatia
9200366,9200366_Ag_EU_TEL_a0641_Newspapers_Slovenia
9200371,9200371_Ag_EU_TEL_a1310_eCloud_AmsterdamVU
9200376,9200376_Ag_EU_TEL_a1226_NationalLibrarySpain
9200382,9200382_Ag_EU_TEL_a1166_eCloud_NatLib_Wales
9200385,9200385_Ag_EU_TEL_a0644_Newspapers_Wales
9200388,9200388_Ag_EU_TEL_a1343_ONB
9200397,9200397_Ag_EU_TEL_ a1348_BL
9200421,9200421_AG_EU_TEL_a1397_NLRomania
9200425,9200425_AG_EU_TEL_a1309_NLScotland
9200443,9200443_Ag_EU_TEL_a1137_Patras
92030,92030_Ag_EU_TEL_a0437
92034,92034_Ag_EU_TEL
92035,92035_Ag_EU_TEL_a0448_ReadingEurope
92051,92051_Ag_EU_TEL_a0310_Slovenia
92058,92058_Ag_EU_TEL_a0246_Slovenia
92061,92061_Ag_EU_TEL_a0479_Austria
92086,92086_Ag_UK_TEL_a1018_WellcomeFilm
92087,92087_Ag_UK_TEL_a1009a_EuropeanaLibraries
